id,modulid,modul,pruefende,termin,stand,semester,ngrepd,avggrepd,medgrepd,failratiogrepd,1,1.3,1.7,2,2.3,2.7,3,3.3,3.7,4,5
1,707923,Business Intelligence Systems,Lessmann,1,24.04.2019,2018/19,43,3.09,3,0.23260000000000003,1,4,2,4,5,3,9,1,1,3,10
2,707923,Business Intelligence Systems,Lessmann,2,24.04.2019,2018/19,26,3.2,3,0.15380000000000002,1,0,3,0,1,3,6,4,1,3,4
3,70011,Einführung in die Volkswirtschaftslehre und Wirtschaftsgeschichte,Wolf,1,18.03.2019,2018/19,168,2.88,2.7,0.1548,10,15,15,15,19,12,15,19,8,14,26
4,70026,Marketing und E-Business,Klapper,1,25.03.2019,2018/19,165,3.47,3.3,0.17579999999999998,0,3,6,9,12,13,12,28,22,31,29
5,70112,Mikroökonomie I,Weizsäcker,1,19.03.2019,2018/19,218,3.07,3,0.21559999999999999,18,16,15,14,18,16,18,17,22,17,47
6,70112,Mikroökonomie I,Weizsäcker,2,15.04.2019,2018/19,95,3.51,3.3,0.2211,1,0,2,6,7,10,11,13,7,17,21
7,70115,Makroökonomie I,Weinke,1,22.03.2019,2018/19,224,2.5,2.3,0.0625,10,21,28,36,29,26,27,18,9,6,14
8,70115,Makroökonomie I,Weinke,2,26.04.2019,2018/19,94,2.99,3,0.1383,4,2,7,11,10,10,14,8,8,7,13
9,70119,Externes Rechnungswesen,Maiterth,1,18.03.2019,2018/19,275,3.54,3.7,0.3345,9,9,15,15,18,22,23,18,21,33,92
10,70118,Investmentanalyse und Portfoliomanagement,Bruche,1,26.02.2019,2018/19,160,3.2,3.3,0.0875,0,2,6,20,14,18,17,16,23,30,14
11,70118,Investmentanalyse und Portfoliomanagement,Bruche,2,18.04.2019,2018/19,66,3.81,4,0.4242,2,1,0,4,5,6,3,3,8,6,28
12,70132,Statistik II,Klinke,1,01.03.2019,2018/19,144,2.83,2.7,0.1042,4,3,11,20,24,20,19,9,17,2,15
13,70132,Statistik II,Klinke,2,11.04.2019,2018/19,109,3.06,3,0.1101,2,5,11,6,10,9,13,17,10,14,12
14,70141,Mathematik I,Graßhoff,1,12.03.2019,2018/19,281,3.66,3.7,0.3701,4,8,6,19,21,23,26,20,23,27,104
15,70141,Mathematik I,Graßhoff,2,25.04.2019,2018/19,137,3.93,4,0.38689999999999997,2,1,1,4,3,12,10,12,11,28,53
16,70151,Bürgerliches Recht,Hauck,1,06.03.2019,2018/19,231,2.46,2.3,0.09960000000000001,14,43,32,26,31,15,18,3,4,22,23
17,70153,Handels- und Gesellschaftsrecht,Grundmann,1,06.03.2019,2018/19,195,2.28,2,0.061500000000000006,20,27,38,25,25,17,6,7,5,13,12
18,70153,Handels- und Gesellschaftsrecht,Grundmann,2,26.04.2019,2018/19,109,1.82,1.7,0.036699999999999997,29,22,18,11,13,6,1,0,3,2,4
19,70600,Finance Theory,Stomper,1,12.03.2019,2018/19,71,3.1,3,0.3239,8,9,4,4,2,7,6,4,0,4,23
20,70600,Finance Theory,Stomper,2,09.04.2019,2018/19,36,3.83,4,0.3333,3,0,0,0,0,1,5,1,6,8,12
21,70601,Organization and Management,Schöttner,1,12.03.2019,2018/19,65,3.28,3.3,0.2615,1,2,4,7,9,6,3,6,6,4,17
22,70601,Organization and Management,Schöttner,2,23.04.2019,2018/19,39,3.12,2.7,0.23079999999999998,0,2,3,4,5,6,4,3,1,2,9
23,70605,Grundzüge der Besteuerung,Maiterth,1,21.03.2019,2018/19,15,3.95,5,0.5333,1,1,1,0,0,0,0,1,0,3,8
24,70605,Grundzüge der Besteuerung,Maiterth,2,15.04.2019,2018/19,6,4.61,5,0.6667000000000001,0,0,0,0,0,0,0,0,1,1,4
25,70617,Financial Accounting and Analysis,Brüggemann,1,13.03.2019,2018/19,58,3.02,2.85,0.18969999999999998,3,3,3,6,5,9,8,3,5,2,11
26,70617,Financial Accounting and Analysis,Brüggemann,2,15.04.2019,2018/19,16,2.75,2.5,0.1875,3,2,1,1,1,1,0,1,2,1,3
27,707922,Business Analytics and Data Science,Lessmann,1,24.04.2019,2018/19,95,2.53,2.7,0.0105,4,6,7,11,16,19,15,9,2,5,1
28,70618,Grundzüge der Unternehmensbesteuerung,Maiterth,1,18.03.2019,2018/19,24,2.6,2.15,0.16670000000000001,2,3,3,4,1,2,4,0,1,0,4
29,70618,Grundzüge der Unternehmensbesteuerung,Maiterth,2,15.04.2019,2018/19,21,3.3,4,0.381,4,1,1,0,2,1,1,0,0,3,8
30,70625,Umwandlung von Unternehmen und Besteuerung,Maiterth,1,27.02.2019,2018/19,8,3,2.5,0.375,2,0,0,1,1,1,0,0,0,0,3
31,706205,"Steuerliche Gewinnermittlung, Umsatzsteuer und Verfahrensrecht",von,1,21.03.2019,2018/19,13,4.01,5,0.5385,0,1,0,0,1,0,1,2,0,1,7
32,706513,Consulting and Change Management,Lippold,1,26.02.2019,2018/19,76,2.72,2.7,0.0789,7,6,5,9,9,5,8,7,4,10,6
33,70632,Entrepreneurial and Behavioral Decision Making,Schade,1,21.02.2019,2018/19,42,2.97,2.7,0.1905,3,2,3,3,7,4,5,2,1,4,8
34,70632,Entrepreneurial and Behavioral Decision Making,Schade,2,11.04.2019,2018/19,9,3.77,4,0.44439999999999996,1,0,0,1,0,0,1,0,0,2,4
35,70646,Seminar on Entrepreneurship and Innovation Theory,Schade,1,06.02.2019,2018/19,18,1.55,1.15,0.0556,9,5,0,1,0,2,0,0,0,0,1
36,70638,Seminar Innovative Entrepreneurship,Schade,1,27.03.2019,2018/19,6,2.05,1.65,0,2,1,0,1,0,0,1,0,0,1,0
37,70662,Banken,Saupe,1,26.02.2019,2018/19,25,2.92,3,0.08,1,0,1,6,2,2,2,3,5,1,2
38,70662,Banken,Saupe,2,17.04.2019,2018/19,11,3.2,3.3,0.1818,0,1,0,2,1,0,0,3,1,1,2
39,701138,Behavioral Finance and Asset Pricing,"Kasch-Haroutounian,",1,06.03.2019,2018/19,12,1.86,1.7,0,3,1,3,2,1,1,0,0,0,1,0
40,701139,Financial Economics for Citizens,Stomper,1,25.03.2019,2018/19,25,2.14,1.7,0,1,8,4,1,2,2,3,2,1,1,0
41,701144,Financial Derivatives,Bruche,1,25.02.2019,2018/19,38,2.99,2.3,0.31579999999999997,2,5,4,6,3,2,1,1,0,2,12
42,701144,Financial Derivatives,Bruche,2,18.04.2019,2018/19,17,2.7,2.7,0.1176,2,1,3,0,1,2,2,3,0,1,2
43,701142,Seminar Crypto-Currencies,Elendner,1,01.02.2019,2018/19,19,1.48,1.3,0,5,6,4,2,2,0,0,0,0,0,0
44,70671,Seminar Bankwesen,Saupe,1,21.02.2019,2018/19,11,2.3,2.3,0,0,0,1,3,4,2,1,0,0,0,0
45,706819,Incentives in Organizations,Schöttner,1,15.02.2019,2018/19,7,3.1,2.7,0.2857,1,0,0,1,1,1,0,0,1,0,2
46,70710,Customer Analytics and Customer Insights,Klapper,1,26.03.2019,2018/19,48,2.09,2.15,0,5,7,6,6,11,6,3,3,1,0,0
47,70708,Marketing Seminar (BA),Hildebrandt,1,25.02.2019,2018/19,17,2.2,2.3,0,0,3,0,5,5,3,0,0,0,1,0
48,70701,Marketing Seminar (MA),Guhl,1,06.03.2019,2018/19,15,1.75,1.7,0,3,4,4,0,2,1,0,0,0,1,0
49,70752,Internationale Rechnungslegung,Gassen,1,11.03.2019,2018/19,24,2.63,2.7,0.125,2,3,3,2,1,2,5,2,0,1,3
50,70752,Internationale Rechnungslegung,Gassen,2,15.04.2019,2018/19,12,2.6,2.65,0.0833,1,2,1,1,1,0,3,0,1,1,1
51,708008,Controlling,Gassen,1,11.03.2019,2018/19,33,3.56,3.7,0.3636,2,1,1,2,2,2,3,2,3,3,12
52,708008,Controlling,Gassen,2,15.04.2019,2018/19,27,3,3,0.11109999999999999,2,0,2,2,1,6,4,2,1,4,3
53,708001,Bachelorseminar Rechnungswesen,Gassen,1,12.02.2019,2018/19,13,2.48,2.7,0,1,1,0,2,2,3,1,2,1,0,0
54,708006,Seminar Financial Accounting Research Group,Brüggemann,1,15.02.2019,2018/19,5,2.06,2,0,0,1,1,1,1,0,1,0,0,0,0
55,708011,Advanced Topics and Cases in Accounting,Schruff,1,18.02.2019,2018/19,9,2.34,2.3,0,0,0,2,2,2,2,0,0,1,0,0
56,70800,Master Thesis Seminar Accounting,Brüggemann,1,18.02.2019,2018/19,9,2.05,2,0,1,0,3,2,0,2,1,0,0,0,0
57,70728,Research Seminar Operations Research,Klimm,1,08.04.2019,2018/19,17,1.62,1.3,0,5,4,4,2,0,0,1,0,1,0,0
58,707503,Analysis of Competition,Seres,1,06.03.2019,2018/19,32,1.5,1,0.0625,24,3,0,0,0,0,1,1,0,1,2
59,707503,Analysis of Competition,Seres,2,15.04.2019,2018/19,16,2.06,1.35,0.125,8,0,1,2,1,0,1,0,0,1,2
60,707509,Seminar Topics in Energy Markets,Hubert,1,26.03.2019,2018/19,11,1.89,1.7,0,0,0,6,3,2,0,0,0,0,0,0
61,707508,Seminar Market Power in Gas Networks,Hubert,1,27.03.2019,2018/19,5,1.92,1.7,0,0,2,1,1,0,0,0,1,0,0,0
62,70803,Introduction to Advanced Microeconomic Analysis,Schweighofer-Kodritsch,1,21.03.2019,2018/19,96,3.4,3.7,0.375,8,6,7,7,3,7,3,6,5,8,36
63,70941,Introduction to Advanced Macroeconomic Analysis,Burda,1,06.03.2019,2018/19,63,2.88,2.3,0.20629999999999998,3,6,9,5,9,1,9,1,4,3,13
64,70941,Introduction to Advanced Macroeconomic Analysis,Burda,2,09.04.2019,2018/19,39,2.71,2.7,0.1282,4,4,4,1,5,4,5,2,3,2,5
65,70864,Advanced Microeconomic Theory I (PhD-level),Weizsäcker,1,20.03.2019,2018/19,5,2.24,2.3,0,0,2,0,0,1,0,1,1,0,0,0
66,70801,Außenhandel,Kamecke,1,04.03.2019,2018/19,32,3.01,3,0.2188,0,5,3,2,4,1,4,2,2,2,7
67,70801,Außenhandel,Kamecke,2,05.04.2019,2018/19,39,3.05,3.3,0.1026,2,5,0,2,6,2,1,4,2,11,4
68,70881,Monetary Economics,Weinke,1,06.03.2019,2018/19,23,2.48,2.3,0.1304,4,1,4,1,3,4,1,0,2,0,3
69,70881,Monetary Economics,Weinke,2,08.04.2019,2018/19,9,2.36,2.3,0.11109999999999999,3,0,1,0,1,1,0,2,0,0,1
70,70904,Introduction to Game Theory,Schweighofer-Kodritsch,1,20.03.2019,2018/19,76,2.6,2.5,0.0526,9,3,7,6,13,4,13,8,3,6,4
71,70904,Introduction to Game Theory,Schweighofer-Kodritsch,2,24.04.2019,2018/19,27,3.01,3,0.0741,2,2,2,0,1,3,5,2,2,6,2
72,709901,Grundlagen der Finanzwissenschaft,Engelmann,1,19.03.2019,2018/19,61,3.66,4,0.3607,1,5,2,4,3,3,1,3,4,13,22
73,709901,Grundlagen der Finanzwissenschaft,Engelmann,2,16.04.2019,2018/19,50,3.61,3.5,0.3,0,1,1,3,4,3,6,7,5,5,15
74,70953,Empirical Labor Economics,Spitz-Oener,1,13.03.2019,2018/19,17,3.55,3.7,0.1765,0,0,0,0,2,2,2,2,4,2,3
75,70989,Angewandte Kausalanalyse,Kluve,1,15.03.2019,2018/19,19,2.17,2,0,3,1,4,4,0,2,1,3,0,1,0
76,709921,Entscheidungen des Haushalts,Böhme,1,13.03.2019,2018/19,15,2.33,2.3,0.0667,2,3,1,1,1,3,1,1,1,0,1
77,709921,Entscheidungen des Haushalts,Böhme,2,15.04.2019,2018/19,6,2.93,3,0,0,0,0,0,1,2,0,3,0,0,0
78,7010893,Wirtschafts- und sozialgeschichtliche Aspekte der Demographie,Michel,1,20.03.2019,2018/19,76,2.39,2.3,0.0526,0,8,14,13,14,9,9,2,1,2,4
79,7010893,Wirtschafts- und sozialgeschichtliche Aspekte der Demographie,Michel,2,10.04.2019,2018/19,51,2.49,2.3,0.0196,0,5,3,7,14,8,7,2,2,2,1
80,70831,Economic Growth,Schwark,1,18.03.2019,2018/19,14,2.57,1.85,0.2857,4,2,1,1,0,1,1,0,0,0,4
81,70831,Economic Growth,Schwark,2,17.04.2019,2018/19,8,3.17,3.35,0.375,2,0,1,0,0,1,0,0,0,1,3
82,709905,Social Preferences - Theories and Evidence,Engelmann,1,25.02.2019,2018/19,12,2.58,2,0.16670000000000001,1,2,2,2,0,1,0,1,0,1,2
83,709905,Social Preferences - Theories and Evidence,Engelmann,2,01.04.2019,2018/19,5,2.8,3,0,1,0,0,0,0,0,2,1,1,0,0
84,701073,European Economic History I (1800-1914),Wolf,1,25.03.2019,2018/19,31,2.43,2,0.129,2,3,7,5,4,1,4,0,1,0,4
85,701073,European Economic History I (1800-1914),Wolf,2,02.04.2019,2018/19,22,2.65,2.3,0.1364,3,1,3,1,4,3,1,0,1,2,3
86,709919,Gender Economics,Möllerström,1,03.01.2019,2018/19,34,1.88,2,0,2,4,10,10,4,4,0,0,0,0,0
87,708010,Seminar Empirische Forschung,Gassen,1,11.01.2019,2018/19,2,1.6,1.3,0,0,5,0,2,1,0,0,0,0,0,0
88,709913,Seminar Selected Topics of Emerging Markets,Menkhoff,1,18.02.2019,2018/19,20,2.55,2.5,0,1,2,4,1,2,2,2,2,3,0,1
89,70814,Seminar Aktuelle Probleme der Wirtschaftspolitik,Kamecke,1,20.02.2019,2018/19,36,1.89,1.7,0,2,10,8,5,5,3,0,3,0,0,0
90,709920,New Models for the Digital Economy,Burda,1,15.04.2019,2018/19,16,1.95,2,0,0,4,2,4,4,2,0,0,0,0,0
91,707923,Business Intelligence Systems,Lessmann,1,14.03.2019,2018/19,43,3.09,3,0.23260000000000003,1,4,2,4,5,3,9,1,1,3,10
92,70777,Seminar Information Systems,Lessmann,1,28.02.2019,2018/19,21,1.82,1.7,0,0,6,7,3,2,3,0,0,0,0,0
93,701002,Multivariate Statistical Analysis I,Härdle,1,20.03.2019,2018/19,1,2.41,2.3,0.08109999999999999,14,6,7,9,10,5,4,5,1,7,6
94,701002,Multivariate Statistical Analysis I,Mihoci,2,23.04.2019,2018/19,41,2.74,3,0.09759999999999999,6,3,2,5,1,3,6,3,3,5,4
95,701007,Statistics of Financial Markets I,Härdle,1,21.02.2019,2018/19,5,1.2,1,0,3,1,1,0,0,0,0,0,0,0,0
96,7010318,Seminar on Machine Learning,Klein,1,09.01.2019,2018/19,15,1.59,1.3,0,3,5,3,2,1,0,1,0,0,0,0
97,7010313,Digital Economy and Decision Analytics,Chen,1,22.03.2019,2018/19,6,1.6,1.3,0,1,3,0,1,0,1,0,0,0,0,0
98,701028,Numerical Introductory Seminar,Burdejova,1,28.03.2019,2018/19,9,1.19,1.15,0,5,4,1,0,0,0,0,0,0,0,0
99,701044,Applied Econometrics,Droge,1,06.03.2019,2018/19,18,2.8,2.85,0.16670000000000001,1,2,3,0,1,2,5,0,0,1,3
100,701044,Applied Econometrics,Droge,2,09.04.2019,2018/19,17,3.19,3.3,0.2353,1,1,1,1,2,1,0,3,3,0,4
101,701032,Econometric Methods,Droge,1,13.03.2019,2018/19,77,3.23,3,0.1818,2,2,2,6,7,12,9,10,5,8,14
102,701032,Econometric Methods,Droge,2,23.04.2019,2018/19,49,3.14,3,0.2041,2,2,3,2,9,3,7,3,5,3,10
103,701038,Seminar Econometric Projects,Fitzenberger,1,06.03.2019,2018/19,11,2.27,1.7,0.0909,2,2,2,0,1,1,1,0,0,1,1
104,70156,Strategie und Organisation,Schöttner,1,06.08.2018,2018,12,3.01,3,0.0833,0,0,1,0,3,1,2,3,0,1,1
105,70027,"Strategie, Organisation und Information Technology",Schöttner,1,30.08.2018,2018,216,3.12,3,0.19440000000000002,4,11,15,18,31,19,20,24,18,14,42
106,70027,"Strategie, Organisation und Information Technology",Schöttner,2,01.11.2018,2018,80,3.54,3.5,0.2125,0,0,1,4,5,11,9,10,15,8,17
107,70114,Mikroökonomie II,Kamecke,1,20.08.2018,2018,79,2.84,2.7,0.1772,7,5,7,9,10,5,7,7,3,5,14
108,70114,Mikroökonomie II,Kamecke,2,19.10.2018,2018,38,3.64,3.7,0.3421,1,2,1,1,1,5,1,5,4,4,13
109,70116,Makroökonomie II,Burda,1,28.08.2018,2018,96,3.04,2.7,0.16670000000000001,1,5,3,10,14,18,10,9,4,6,16
110,70116,Makroökonomie II,Burda,2,31.10.2018,2018,37,2.72,2.7,0.0541,4,2,2,3,4,4,6,3,4,3,2
111,70124,Kostenrechnung,Gassen,1,23.08.2018,2018,192,3.1,3,0.16670000000000001,6,6,13,18,18,26,17,24,16,16,32
112,70124,Kostenrechnung,Gassen,2,30.10.2018,2018,79,3.47,3.3,0.24050000000000002,2,2,1,5,4,4,12,15,7,8,19
113,70129,Finanzierung und Investition,Stomper,1,17.08.2018,2018,101,3.05,2.7,0.22769999999999999,2,6,12,11,12,11,9,2,4,9,23
114,70129,Finanzierung und Investition,Stomper,2,16.11.2018,2018,103,3,3,0.0874,1,6,8,8,12,12,12,10,10,15,9
115,70131,Statistik I,Klinke,1,22.08.2018,2018,194,2.89,2.7,0.0722,1,11,8,21,24,34,27,26,14,14,14
116,70131,Statistik I,Klinke,2,24.10.2018,2018,115,2.75,2.7,0.087,1,4,11,16,23,14,15,9,10,2,10
117,70142,Mathematik II,Graßhoff,1,20.08.2018,2018,248,3.36,3.3,0.2661,6,7,16,21,20,24,19,20,28,21,66
118,70142,Mathematik II,Graßhoff,2,29.10.2018,2018,69,3.54,3.3,0.3188,0,2,3,4,7,5,8,8,4,6,22
119,70133,Einführung in die Ökonometrie,Breunig,1,30.08.2018,2018,230,3.43,3.7,0.1261,6,6,4,8,9,14,23,37,55,39,29
120,70133,Einführung in die Ökonometrie,Breunig,2,12.11.2018,2018,67,3.57,3.7,0.1642,1,2,1,1,3,6,5,8,12,17,11
121,70620,Internationale Unternehmensbesteuerung,Gröger,1,24.08.2018,2018,13,3.63,4,0.46149999999999997,0,1,0,2,2,0,0,1,0,1,6
122,70620,Internationale Unternehmensbesteuerung,Gröger,2,30.10.2018,2018,9,3.77,5,0.5556,0,2,0,0,0,1,0,0,1,0,5
123,70628,Steuerwirkungslehre,Maiterth,1,24.08.2018,2018,7,2.67,3,0.1429,2,0,1,0,0,0,1,1,1,0,1
124,70624,Seminar zu aktuellen steuerlichen Themen,Maiterth,1,26.07.2018,2018,15,2.7,3,0,1,0,0,2,3,0,5,3,1,0,0
125,70655,Market Microstructure,Müller,1,18.07.2018,2018,27,1.71,1,0,14,3,2,2,0,1,0,1,3,1,0
126,706593,Excel in Finanzierung für die betriebswirtschaftliche Praxis,Weber,1,18.09.2018,2018,20,2.21,2.3,0,1,3,3,1,4,3,5,0,0,0,0
127,70662,Banken,Saupe,1,22.08.2018,2018,72,3.45,3.3,0.2639,4,1,3,3,4,7,8,7,6,10,19
128,70662,Banken,Saupe,2,26.10.2018,2018,37,3.46,4,0.2703,1,1,2,5,1,3,3,1,1,9,10
129,701122,Advanced Corporate Finance,Adam,1,16.08.2018,2018,44,3.05,3,0.2045,4,2,3,4,1,4,9,3,1,4,9
130,701122,Advanced Corporate Finance,Adam,2,19.10.2018,2018,19,2.62,2.7,0.0526,0,5,2,1,1,1,2,2,2,2,1
131,701141,Financial Markets: Economic Theory and Practice,Stomper,1,10.08.2018,2018,5,3,2.7,0.2,0,1,0,1,0,1,0,0,0,1,1
132,70671,Seminar Bankwesen,Saupe,1,26.07.2018,2018,9,2.25,2.3,0,0,0,0,4,3,2,0,0,0,0,0
133,701129,Case Seminar Advanced Corporate Finance,Adam,1,05.09.2018,2018,15,1.64,1.3,0,0,8,2,2,3,0,0,0,0,0,0
134,701124,Master Thesis Seminar Corporate Finance,Adam,1,08.10.2018,2018,8,2,2.15,0,1,1,1,1,2,2,0,0,0,0,0
135,701143,Seminar Empirical Research in Finance,Kasch-Haroutounian,1,07.11.2018,2018,9,1.88,2,0,1,1,2,2,2,1,0,0,0,0,0
136,701133,Master Thesis Seminar Financial Economics,Stomper,1,10.01.2019,2018/19,6,1.83,2,0,1,0,1,3,1,0,0,0,0,0,0
137,70687,Marktforschung und Marketingentscheidungen,Guhl,1,20.08.2018,2018,96,3.94,4,0.46880000000000005,2,1,1,2,7,3,11,10,4,10,45
138,70687,Marktforschung und Marketingentscheidungen,Guhl,2,12.11.2018,2018,48,3.13,3,0.1458,1,1,4,2,5,6,7,7,4,4,7
139,70709,Advanced Marketing Modeling,Klapper,1,13.09.2018,2018,46,2.12,2,0.0217,4,7,10,9,5,1,1,6,1,1,1
140,70708,Marketing Seminar (BA),Hildebrandt,1,06.07.2018,2018,12,2.35,2.3,0,0,1,1,3,3,0,3,1,0,0,0
141,70734,Personalökonomik,Schöttner,1,24.07.2018,2018,72,3.02,2.85,0.16670000000000001,3,0,6,8,11,8,9,6,3,6,12
142,70734,Personalökonomik,Schöttner,2,09.10.2018,2018,32,3.46,3.3,0.2812,1,0,1,2,4,1,5,4,3,2,9
143,706818,Personnel Economics,Schöttner,1,20.07.2018,2018,19,3.31,3.3,0.2632,1,1,0,2,2,1,2,2,1,2,5
144,706818,Personnel Economics,Schöttner,2,09.10.2018,2018,6,2.66,2.15,0.16670000000000001,0,1,1,1,1,0,0,0,1,0,1
145,706820,Seminar Advanced Topics in Management,Schöttner,1,14.09.2018,2018,17,1.9,1.7,0,3,2,4,2,3,1,1,1,0,0,0
146,706813,Seminar Grundlagen der gesellschaftlichen Verantwortung von Unternehmen,Schwerk,1,19.11.2018,2018,17,1.61,1.7,0,2,6,3,4,2,0,0,0,0,0,0
147,70759,Konzernrechnungslegung und Unternehmenspublizität,Schruff,1,22.08.2018,2018,33,3.67,3.7,0.4242,1,3,2,0,2,0,4,0,5,2,14
148,70759,Konzernrechnungslegung und Unternehmenspublizität,Schruff,2,31.10.2018,2018,16,2.98,2.85,0.125,0,0,4,1,1,2,2,1,0,3,2
149,708004,Grundlagen der Wirtschaftsprüfung,Schruff,1,16.08.2018,2018,44,2.93,2.85,0.2045,1,3,5,8,3,2,5,6,1,1,9
150,708004,Grundlagen der Wirtschaftsprüfung,Schruff,2,30.10.2018,2018,26,3.4,3.3,0.0385,0,0,0,0,0,1,5,11,8,0,1
151,708009,Valuation,Brüggemann,1,07.08.2018,2018,65,3.12,3,0.18460000000000001,2,2,2,6,7,9,11,7,5,2,12
152,708009,Valuation,Brüggemann,2,22.10.2018,2018,30,3.45,4,0.3,1,4,1,1,0,3,2,2,0,7,9
153,70798,Accounting Theory and Earnings Management,Gassen,1,16.08.2018,2018,27,2.45,2,0.1852,7,4,0,4,3,0,1,1,0,2,5
154,70798,Accounting Theory and Earnings Management,Gassen,2,22.10.2018,2018,12,3.72,5,0.5832999999999999,2,1,0,0,0,1,0,0,1,0,7
155,708001,Bachelorseminar Rechnungswesen,Brüggemann,1,18.07.2018,2018,11,2.4,2.3,0.0909,0,1,3,1,2,2,1,0,0,0,1
156,70800,Master Thesis Seminar Accounting,Gassen,1,25.07.2018,2018,7,2.51,2.3,0.1429,0,1,1,0,3,1,0,0,0,0,1
157,70723,Grundlagen des Operations Research,Klimm,1,19.07.2018,2018,59,2.82,2.7,0.1186,2,3,5,9,9,4,8,5,2,5,7
158,70723,Grundlagen des Operations Research,Klimm,2,08.10.2018,2018,30,3.36,3,0.2667,1,1,0,1,4,4,5,3,1,2,8
159,70727,Seminar Aktuelle Themen des Operations Research,Klimm,1,24.07.2018,2018,9,1.63,1.3,0,3,2,2,0,0,1,1,0,0,0,0
160,707502,Network based energy systems,Hubert,1,06.08.2018,2018,21,2.62,2.7,0.047599999999999996,2,2,0,1,4,6,0,1,4,0,1
161,707502,Network based energy systems,Hubert,2,17.10.2018,2018,7,2.47,2.3,0,1,1,0,1,1,1,0,0,0,2,0
162,707506,Innovation and Property Rights,Seres,1,06.08.2018,2018,30,1.8,1,0.1333,19,1,2,2,0,1,0,0,1,0,4
163,707506,Innovation and Property Rights,Seres,2,18.10.2018,2018,20,1.58,1,0,12,1,2,0,1,2,0,1,0,1,0
164,707511,Seminar Nachhaltigkeit (Wirtschaftsphilosophie),Hubert,1,27.09.2018,2018,42,2.06,2,0,3,2,12,10,5,6,2,1,1,0,0
165,707512,Seminar Energy Informatics Computer Based Processing of Energy Data,Hubert,1,08.10.2018,2018,6,1.53,1.3,0,0,5,0,0,0,1,0,0,0,0,0
166,70829,Labour Economics,Spitz-Oener,1,01.08.2018,2018,68,3.52,3.3,0.3382,1,2,4,4,1,9,11,6,4,3,23
167,70829,Labour Economics,Spitz-Oener,2,15.10.2018,2018,27,4.31,5,0.5556,0,0,0,0,3,0,0,1,2,6,15
168,70805,Competition Policy,Kamecke,1,03.09.2018,2018,63,3.02,3,0.20629999999999998,8,2,4,3,6,7,5,5,6,4,13
169,70805,Competition Policy,Kamecke,2,19.10.2018,2018,24,2.8,2.5,0.16670000000000001,2,1,1,5,3,2,3,1,1,1,4
170,70859,Advanced Labor Economics,Burda,1,13.08.2018,2018,21,2.52,2.3,0.1429,0,3,3,4,2,5,1,0,0,0,3
171,70859,Advanced Labor Economics,Burda,2,15.10.2018,2018,9,1.96,2,0,0,1,3,2,2,1,0,0,0,0,0
172,70874,Information Economics,Breitmoser,1,22.08.2018,2018,19,2.56,2.3,0.10529999999999999,1,3,3,1,2,2,2,1,2,0,2
173,70874,Information Economics,Breitmoser,2,31.10.2018,2018,15,2.37,2,0.0667,2,3,2,1,1,1,1,1,0,2,1
174,70985,Decision-Making under Uncertainty,Weizsäcker,1,31.08.2018,2018,24,2.9,2.5,0.20829999999999999,1,2,3,5,1,1,2,1,1,2,5
175,709907,Public Economics,Qi,1,30.08.2018,2018,40,2.78,2.7,0.1,1,2,5,2,7,7,5,2,5,0,4
176,709907,Public Economics,Qi,2,31.10.2018,2018,8,2.37,2.15,0,0,0,1,3,2,0,1,0,1,0,0
177,701056,Advanced International Trade: Theory and Empirics,Wolf,1,20.08.2018,2018,15,2.69,2,0.2,1,1,3,3,2,0,0,0,2,0,3
178,701056,Advanced International Trade: Theory and Empirics,Wolf,2,29.10.2018,2018,8,2.3,2.5,0,2,0,1,0,1,1,2,0,1,0,0
179,70818,International Macroeconomics,Schwark,1,26.07.2018,2018,21,2.44,2.3,0.09519999999999999,4,1,3,2,4,1,0,1,1,2,2
180,70989,Angewandte Kausalanalyse,Kluve,1,10.09.2018,2018,26,2.91,2.5,0.15380000000000002,2,2,3,4,2,1,1,0,1,6,4
181,70989,Angewandte Kausalanalyse,Kluve,2,10.10.2018,2018,11,3.51,3.3,0.4545,0,0,2,1,1,1,0,1,0,0,5
182,709906,Verhaltensökonomische Aspekte der Finanzwissenschaft,Engelmann,1,12.07.2018,2018,34,1.92,1.7,0.0588,7,7,9,2,3,0,3,0,0,1,2
183,709909,Politische Ökonomie von Steuern und Staatsverschuldung,Blankart,1,27.08.2018,2018,16,3.64,3.85,0.3125,1,0,1,1,0,0,1,3,1,3,5
184,709909,Politische Ökonomie von Steuern und Staatsverschuldung,Blankart,2,31.10.2018,2018,7,3.71,4,0.4286,1,0,0,1,0,0,0,0,0,2,3
185,709915,Macroeconometrics,Tryphonides,1,19.07.2018,2018,8,3.08,2.85,0.125,0,1,0,1,0,2,1,0,0,2,1
186,70899,Theory of Social Choice (Theorie kollektiver Entscheidungen),Gaertner,1,29.08.2018,2018,8,2.55,2.35,0.125,1,1,1,1,0,1,1,0,1,0,1
187,70837,Theory of Incentives,Strausz,1,21.08.2018,2018,16,3.09,3.3,0.25,0,2,2,2,1,0,0,4,0,1,4
188,70842,Game Theory,Breitmoser,1,24.08.2018,2018,54,3.13,3,0.1852,2,3,3,3,6,6,7,4,7,3,10
189,70842,Game Theory,Breitmoser,2,01.11.2018,2018,23,2.57,2.3,0.1304,5,1,2,2,3,1,2,1,1,2,3
190,701075,European Economic History II (1914 - up to now),Wolf,1,29.08.2018,2018,33,2.13,1.7,0.0909,4,2,11,7,3,1,1,0,1,0,3
191,701075,European Economic History II (1914 - up to now),Wolf,2,05.11.2018,2018,17,2.08,2,0,3,1,4,2,2,1,2,1,1,0,0
192,70814,Seminar Aktuelle Probleme der Wirtschaftspolitik,Kamecke,1,24.07.2018,2018,25,1.94,2,0.04,3,4,5,6,4,1,1,0,0,0,1
193,7010894,Seminar Angewandte Demographie,Michel,1,25.07.2018,2018,24,1.54,1.7,0,4,7,8,4,1,0,0,0,0,0,0
194,7010915,Seminar Geography and Growth,Wolf,1,16.10.2018,2018,14,1.71,1.7,0,3,3,4,0,2,1,1,0,0,0,0
195,70913,Seminar Behavioral Economics,Weizsäcker,1,29.10.2018,2018,16,1.83,1.7,0,1,3,5,3,2,2,0,0,0,0,0
196,707927,Grundlagen der Programmierung,Zharova,1,01.08.2018,2018,84,2.65,2,0.2024,12,13,11,9,2,3,3,6,5,3,17
197,707927,Grundlagen der Programmierung,Zharova,2,15.10.2018,2018,31,3.03,3,0.2581,1,5,4,2,0,3,1,4,2,1,8
198,707924,Seminar Wirtschaftsinformatik,Lessmann,1,01.08.2018,2018,22,1.67,1.7,0,6,4,4,4,0,4,0,0,0,0,0
199,7010316,Multivariate Statistical Analysis II / Non- and Semiparametric Modeling,Kley,1,24.07.2018,2018,14,3.02,2.7,0.2857,1,1,1,1,2,2,1,1,0,0,4
200,7010316,Multivariate Statistical Analysis II / Non- and Semiparametric Modeling,Kley,2,10.08.2018,2018,9,2.37,2,0,0,1,2,2,1,1,0,0,1,1,0
201,7010317,Statistics of Financial Markets II / Advanced Methods in Quantitative Finance,Lopez,1,24.07.2018,2018,9,1.4,1.3,0,3,3,2,0,1,0,0,0,0,0,0
202,7010313,Digital Economy and Decision Analytics,Chen,1,06.08.2018,2018,15,2.28,1.7,0.2,2,3,3,3,1,0,0,0,0,0,3
203,701028,Numerical Introductory Seminar,Lopez,1,31.08.2018,2018,6,1.21,1.15,0,3,2,1,0,0,0,0,0,0,0,0
204,701020,Privatissimum Statistik,Härdle,1,07.09.2018,2018,5,1.26,1,0,3,1,0,1,0,0,0,0,0,0,0
205,701009,Datenanalyse I,Klinke,1,26.09.2018,2018,28,2.16,2,0.035699999999999996,2,4,2,7,8,1,1,1,1,0,1
206,701016,Statistical Programming Languages,Härdle,1,31.10.2018,2018,41,2.05,1.7,0,3,9,9,5,0,2,13,0,0,0,0
208,701042,Advanced Econometrics,Breunig,1,23.08.2018,2018,16,2.87,2.85,0.125,1,0,2,1,2,2,2,3,1,0,2
209,701042,Advanced Econometrics,Breunig,2,29.10.2018,2018,16,2.7,2.7,0.125,1,2,1,1,2,3,1,2,1,0,2
210,701034,Time Series Analysis,Droge,1,07.08.2018,2018,15,3.07,3,0.2,1,0,1,3,1,1,1,1,3,0,3
211,701034,Time Series Analysis,Droge,2,25.10.2018,2018,7,2.47,2.3,0,2,0,0,1,1,0,0,1,1,1,0
212,701035,Paneldatenanalyse,Droge,1,30.07.2018,2018,10,3.17,3.15,0.3,2,0,1,0,0,0,2,1,1,0,3
213,701041,Seminar Selected Topics in Econometrics,Breunig,1,31.10.2018,2018,6,1.56,1.7,0,2,0,2,2,0,0,0,0,0,0,0
214,70111,Einführung in die Volkswirtschaftslehre,Wolf,1,12.03.2018,2017/18,7,3.18,4,0.4286,2,1,0,0,0,0,0,0,0,1,3
215,70111,Einführung in die Volkswirtschaftslehre,Wolf,2,09.05.2018,2017/18,7,2.41,2.3,0,0,0,1,1,3,0,1,1,0,0,0
216,70113,Wirtschaftsgeschichte,Wolf,1,12.03.2018,2017/18,13,2.56,2.3,0.15380000000000002,3,0,1,2,1,1,2,0,1,0,2
217,70113,Wirtschaftsgeschichte,Wolf,2,09.05.2018,2017/18,11,3.96,4,0.3636,0,0,0,0,0,0,3,2,0,2,4
218,70126,Absatztheorie,Klapper,1,02.03.2018,2017/18,6,4.26,4.5,0.5,0,0,0,0,0,0,0,2,0,1,3
219,70126,Absatztheorie,Klapper,2,20.04.2018,2017/18,6,3.33,3,0.3333,0,0,0,2,0,1,0,1,0,0,2
220,707923,Business Intelligence Systems,Lessmann,1,15.03.2018,2017/18,36,2.86,2.5,0.22219999999999998,5,1,5,2,5,2,2,3,2,1,8
221,707923,Business Intelligence Systems,Lessmann,2,25.04.2018,2017/18,35,3.42,3.3,0.2,0,2,0,2,3,3,3,5,7,3,7
222,70011,Einführung in die Volkswirtschaftslehre und Wirtschaftsgeschichte,Wolf,1,12.03.2018,2017/18,161,3.43,3.3,0.3354,9,6,10,7,13,11,19,7,13,12,54
223,70011,Einführung in die Volkswirtschaftslehre und Wirtschaftsgeschichte,Wolf,2,09.05.2018,2017/18,124,2.88,2.7,0.1452,4,9,8,14,16,18,15,8,6,8,18
224,70026,Marketing und E-Business,Klapper,1,16.03.2018,2017/18,148,3.69,3.7,0.35810000000000003,0,2,7,4,11,16,19,10,11,15,53
225,70026,Marketing und E-Business,Klapper,2,25.04.2018,2017/18,95,3.7,3.7,0.34740000000000004,0,1,2,7,7,8,9,7,11,10,33
226,70112,Mikroökonomie I,Schweighofer-Kodritsch,1,22.03.2018,2017/18,247,3.3,3.3,0.1984,7,5,11,16,24,32,22,23,27,31,49
227,70112,Mikroökonomie I,Schweighofer-Kodritsch,2,09.05.2018,2017/18,96,3.13,3,0.1771,3,2,7,9,6,11,19,9,6,7,17
228,70115,Makroökonomie I,Burda,1,12.03.2018,2017/18,192,3.66,3.7,0.3125,1,4,4,9,11,23,15,20,19,26,60
229,70115,Makroökonomie I,Burda,2,09.05.2018,2017/18,120,3.44,3.3,0.2583,0,3,8,8,8,9,17,14,10,12,31
230,70119,Externes Rechnungswesen,Maiterth,1,21.03.2018,2017/18,282,3.48,3.3,0.3652,13,11,15,20,21,21,23,18,20,17,103
231,70119,Externes Rechnungswesen,Maiterth,2,24.04.2018,2017/18,105,3.65,4,0.4476,9,3,4,4,9,1,9,7,3,9,47
232,70129,Finanzierung und Investition,Weber,1,07.03.2018,2017/18,91,3,3,0.1648,4,4,8,6,11,12,11,8,5,7,15
233,70129,Finanzierung und Investition,Weber,2,18.04.2018,2017/18,29,3.67,3.3,0.37929999999999997,0,0,1,2,5,0,1,6,1,2,11
234,70118,Investmentanalyse und Portfoliomanagement,Elendner,1,15.03.2018,2017/18,70,3.96,4,0.4857,1,1,3,2,3,6,5,1,4,10,34
235,70118,Investmentanalyse und Portfoliomanagement,Elendner,2,03.05.2018,2017/18,65,3.59,3.7,0.3077,1,2,2,3,7,3,8,3,4,12,20
236,70132,Statistik II,Klinke,1,01.03.2018,2017/18,168,3.32,3.3,0.20829999999999999,2,4,11,17,8,14,19,21,21,16,35
237,70132,Statistik II,Klinke,2,25.04.2018,2017/18,108,3.06,2.7,0.213,6,7,8,8,8,23,3,7,5,10,23
238,70141,Mathematik I,Graßhoff,1,15.03.2018,2017/18,258,3.39,3.3,0.2868,4,10,16,19,24,25,18,29,17,22,74
239,70141,Mathematik I,Graßhoff,2,07.05.2018,2017/18,132,3.97,4,0.4167,0,1,3,4,5,11,10,7,12,24,55
240,70151,Bürgerliches Recht,Böhme,1,26.02.2018,2017/18,231,2.08,1.7,0.030299999999999997,36,41,39,31,22,13,11,15,7,9,7
241,70151,Bürgerliches Recht,Böhme,2,08.05.2018,2017/18,81,1.82,1.7,0.024700000000000003,21,18,11,8,9,3,3,4,1,1,2
242,70153,Handels- und Gesellschaftsrecht,Leyens,1,06.03.2018,2017/18,202,2.6,2.3,0.0693,14,18,28,25,24,11,17,14,29,8,14
243,70153,Handels- und Gesellschaftsrecht,Leyens,2,08.05.2018,2017/18,110,1.93,1.7,0.0182,12,24,26,20,6,9,5,2,2,2,2
244,70600,Finance Theory,Stomper,1,08.03.2018,2017/18,67,2.84,2.3,0.23879999999999998,1,10,7,13,5,4,4,4,2,1,16
245,70600,Finance Theory,Stomper,2,23.04.2018,2017/18,34,3.12,3,0.2059,1,1,2,3,4,5,2,6,3,0,7
246,70601,Organization and Management,Schöttner,1,06.03.2018,2017/18,56,3.06,2.85,0.19640000000000002,5,0,2,5,9,7,4,6,4,3,11
247,70601,Organization and Management,Schöttner,2,02.05.2018,2017/18,33,3.19,3,0.24239999999999998,2,2,1,4,3,4,1,1,3,4,8
248,70605,Grundzüge der Besteuerung,Maiterth,1,15.03.2018,2017/18,24,3.64,4,0.3333,1,2,2,0,0,1,1,1,2,6,8
249,70605,Grundzüge der Besteuerung,Maiterth,2,11.04.2018,2017/18,13,3.94,5,0.6154,2,0,0,1,0,0,0,1,0,1,8
250,70617,Financial Accounting and Analysis,Brüggemann,1,16.03.2018,2017/18,69,2.96,2.7,0.1594,1,4,7,8,9,7,6,7,3,6,11
251,70617,Financial Accounting and Analysis,Brüggemann,2,20.04.2018,2017/18,21,3.15,3,0.1905,0,1,1,1,2,5,2,4,0,1,4
252,707922,Business Analytics and Data Science,Lessmann,1,28.03.2018,2017/18,125,2.21,2,0,8,17,12,26,22,13,12,7,8,0,0
253,70618,Grundzüge der Unternehmensbesteuerung,Maiterth,1,28.02.2018,2017/18,27,3.04,3,0.3704,7,0,3,2,1,0,2,0,1,1,10
254,70618,Grundzüge der Unternehmensbesteuerung,Maiterth,2,11.04.2018,2017/18,16,2.62,2.65,0.0625,3,2,1,1,1,0,2,0,2,3,1
255,70625,Umwandlung von Unternehmen und Besteuerung,Maiterth,1,23.03.2018,2017/18,3,4.23,5,0.6667000000000001,0,0,0,0,0,1,0,0,0,0,2
256,70641,Economics of Entrepreneurship (BA),Schade,1,13.03.2018,2017/18,48,3.25,3.15,0.1875,0,2,3,2,4,6,7,8,5,2,9
257,70641,Economics of Entrepreneurship (BA),Schade,2,23.04.2018,2017/18,16,3.54,3.85,0.4375,1,1,0,2,1,2,0,0,1,1,7
258,706513,Consulting and Change Management,Lippold,1,13.03.2018,2017/18,84,2.81,2.7,0.09519999999999999,4,2,6,16,11,7,12,5,3,10,8
259,706513,Consulting and Change Management,Lippold,2,12.04.2018,2017/18,29,2.73,2.7,0.1379,5,1,1,3,4,2,3,3,1,2,4
260,70646,Seminar on Entrepreneurship and Innovation Theory,Schade,1,05.02.2018,2017/18,12,2.64,2.15,0.25,2,1,2,1,1,1,1,0,0,0,3
261,70665,Basics of International Finance,Bosch,1,12.02.2018,2017/18,48,2.83,2.5,0.20829999999999999,5,5,5,5,4,4,3,0,3,4,10
262,70665,Basics of International Finance,Bosch,2,16.04.2018,2017/18,18,3.19,2.85,0.3889,2,1,3,1,0,2,1,0,1,0,7
263,70662,Banken,Saupe,1,20.02.2018,2017/18,37,3.2,3,0.16219999999999998,0,2,1,2,4,8,3,4,3,4,6
264,70662,Banken,Saupe,2,07.05.2018,2017/18,22,3.09,3,0.1818,0,2,1,4,2,1,2,1,3,2,4
265,701138,Behavioral Finance and Asset Pricing,Kasch-Haroutounian,1,28.02.2018,2017/18,8,2.07,2,0,2,1,0,2,1,0,1,0,0,1,0
266,701141,Financial Markets: Economic Theory and Practice,Stomper,1,02.03.2018,2017/18,8,2.55,2.7,0,2,0,0,1,0,2,0,1,1,1,0
267,70671,Seminar Bankwesen,Saupe,1,20.02.2018,2017/18,6,2.38,2.3,0,0,0,1,1,2,0,2,0,0,0,0
268,701133,Master Thesis Seminar Financial Economics,Stomper,1,06.06.2018,2017/18,8,1.67,1.7,0,0,2,4,2,0,0,0,0,0,0,0
269,701142,Seminar Crypto-Currencies,Elendner,1,17.07.2018,2017/18,25,1.46,1.3,0,6,9,5,4,1,0,0,0,0,0,0
270,70710,Customer Analytics and Customer Insights,Klapper,1,20.03.2018,2017/18,42,2.24,2.3,0,4,4,6,6,6,6,7,0,1,2,0
271,70708,Marketing Seminar (BA),Hildebrandt,1,30.01.2018,2017/18,8,1.96,1.85,0,0,2,2,2,0,1,1,0,0,0,0
272,70701,Marketing Seminar (MA),Guhl,1,20.03.2018,2017/18,10,1.84,1.7,0.1,2,2,4,1,0,0,0,0,0,0,1
273,706819,Incentives in Organizations,Schöttner,1,19.02.2018,2017/18,4,2.55,2.8,0,0,1,0,0,1,0,0,2,0,0,0
274,70752,Internationale Rechnungslegung,Gassen,1,13.03.2018,2017/18,30,3.02,2.7,0.23329999999999998,2,1,2,4,2,5,3,2,2,0,7
275,70752,Internationale Rechnungslegung,Gassen,2,24.04.2018,2017/18,19,3.15,3.3,0.10529999999999999,0,2,2,0,2,2,1,1,1,6,2
276,708008,Controlling,Gassen,1,05.03.2018,2017/18,37,3.1,3,0.2162,3,2,4,1,1,3,6,5,1,3,8
277,708008,Controlling,Gassen,2,24.04.2018,2017/18,18,3.49,3.7,0.2778,0,2,0,0,3,1,1,1,2,3,5
278,708001,Bachelorseminar Rechnungswesen,Brüggemann,1,14.02.2018,2017/18,15,2.14,2.3,0,1,3,2,1,3,2,1,2,0,0,0
279,70800,Master Thesis Seminar Accounting,Bierey,1,19.02.2018,2017/18,7,2.04,2,0,0,1,2,1,2,0,1,0,0,0,0
280,708012,Open Science Seminar: Management Accounting Made Easy,Gassen,1,23.04.2018,2017/18,5,2.2,2,0,1,0,0,2,0,0,2,0,0,0,0
281,707503,Analysis of Competition,Seres,1,22.02.2018,2017/18,21,1.82,1,0.1429,14,1,0,0,1,1,1,0,0,0,3
282,707503,Analysis of Competition,Seres,2,17.04.2018,2017/18,6,2.45,1.35,0.3333,3,0,1,0,0,0,0,0,0,0,2
283,707507,Seminar Electric Power Market,Hubert,1,04.04.2018,2017/18,5,1.72,2,0,2,0,0,1,2,0,0,0,0,0,0
284,707509,Seminar Topics in Energy Markets,Hubert,1,18.04.2018,2017/18,10,2.07,2,0,0,0,1,8,0,0,1,0,0,0,0
285,707510,Seminar Wirtschaftsphilosophie,Hubert,1,23.05.2018,2017/18,16,1.81,1.85,0,1,3,4,5,2,1,0,0,0,0,0
286,70803,Introduction to Advanced Microeconomic Analysis,Strausz,1,09.03.2018,2017/18,110,3.08,2.7,0.2273,7,5,6,13,6,19,12,3,9,5,25
287,70803,Introduction to Advanced Microeconomic Analysis,Strausz,2,25.04.2018,2017/18,51,3.07,3,0.1765,2,3,4,3,7,4,7,2,4,6,9
288,70941,Introduction to Advanced Macroeconomic Analysis,Weinke,1,01.03.2018,2017/18,49,3.14,3.3,0.26530000000000004,6,1,5,3,3,2,3,6,6,1,13
289,70941,Introduction to Advanced Macroeconomic Analysis,Weinke,2,04.05.2018,2017/18,33,3.3,2.7,0.303,3,0,0,1,4,10,1,1,2,1,10
290,70801,Außenhandel,Kamecke,1,08.03.2018,2017/18,29,3.2,3.3,0.2069,2,0,3,1,4,3,1,3,1,5,6
291,70801,Außenhandel,Kamecke,2,24.04.2018,2017/18,27,3.34,3.7,0.1852,2,0,1,2,0,3,3,2,7,2,5
292,70829,Labour Economics,Kluve,1,23.03.2018,2017/18,25,2.4,2,0,2,2,3,6,3,1,2,1,2,3,0
293,70829,Labour Economics,Kluve,2,07.05.2018,2017/18,11,2.81,3,0.0909,2,0,1,0,1,0,3,1,1,1,1
294,70881,Monetary Economics,Weinke,1,05.03.2018,2017/18,18,2.31,2,0.11109999999999999,4,2,2,2,1,1,2,2,0,0,2
295,70881,Monetary Economics,Weinke,2,23.04.2018,2017/18,13,2.96,3,0.07690000000000001,1,1,0,1,1,1,2,2,1,2,1
296,70904,Introduction to Game Theory,Strausz,1,01.03.2018,2017/18,83,2.68,2.3,0.0964,4,5,11,13,9,9,7,7,5,5,8
297,70904,Introduction to Game Theory,Strausz,2,02.05.2018,2017/18,41,2.95,3,0.048799999999999996,1,2,3,4,3,4,6,5,6,5,2
298,709901,Grundlagen der Finanzwissenschaft,Engelmann,1,26.03.2018,2017/18,42,2.97,3,0.16670000000000001,4,1,6,2,2,4,5,3,6,2,7
299,709901,Grundlagen der Finanzwissenschaft,Engelmann,2,09.05.2018,2017/18,19,3.12,3,0.10529999999999999,0,1,2,2,1,2,2,1,1,5,2
300,70953,Empirical Labor Economics,Spitz-Oener,1,20.03.2018,2017/18,13,3.5,3.3,0.3077,0,0,0,2,2,1,0,2,1,1,4
301,70896,European Integration,Burda,1,19.03.2018,2017/18,39,2.28,2.3,0.0256,6,4,4,1,9,5,4,2,2,1,1
302,70896,European Integration,Burda,2,26.04.2018,2017/18,14,2.6,2.5,0.07139999999999999,1,1,1,2,2,3,1,0,1,1,1
303,709903,Ökonomik des Föderalstaates,Blankart,1,12.03.2018,2017/18,15,2.95,2.7,0.1333,0,0,2,1,4,1,2,1,1,1,2
304,709903,Ökonomik des Föderalstaates,Blankart,2,08.05.2018,2017/18,12,2.95,2.7,0.25,0,2,2,0,0,3,1,1,0,0,3
305,7010893,Wirtschafts- und sozialgeschichtliche Aspekte der Demographie,Michel,1,19.03.2018,2017/18,73,2.38,2,0.0137,1,5,8,23,13,5,7,3,1,6,1
306,7010893,Wirtschafts- und sozialgeschichtliche Aspekte der Demographie,Michel,2,25.04.2018,2017/18,26,2.33,2.15,0.0385,0,4,3,6,4,3,3,1,1,0,1
307,70831,Economic Growth,Schwark,1,09.03.2018,2017/18,5,2.4,2,0.2,1,0,1,1,1,0,0,0,0,0,1
308,70831,Economic Growth,Schwark,2,14.05.2018,2017/18,5,3.2,2.7,0.2,0,0,0,1,1,1,0,0,0,1,1
309,709905,Social Preferences - Theories and Evidence,Engelmann,1,20.02.2018,2017/18,11,1.94,2,0,1,1,3,2,2,2,0,0,0,0,0
310,701073,European Economic History I (1800-1914),Wolf,1,23.02.2018,2017/18,14,2.4,2,0.07139999999999999,1,1,3,3,2,0,0,1,2,0,1
311,701073,European Economic History I (1800-1914),Wolf,2,12.04.2018,2017/18,13,2.63,2.7,0.07690000000000001,2,0,1,1,2,1,2,2,1,0,1
312,709919,Gender Economics,Möllerström,1,19.02.2018,2017/18,25,1.77,1.7,0,6,2,5,7,2,1,2,0,0,0,0
313,709913,Seminar Selected Topics of Emerging Markets,Menkhoff,1,25.01.2018,2017/18,6,1.96,1.85,0,1,0,2,1,0,2,0,0,0,0,0
314,708010,Seminar Empirische Forschung,Gassen,1,01.02.2018,2017/18,14,1.92,1.85,0,0,3,4,2,4,0,1,0,0,0,0
315,70997,"Seminar Monetary Policy, Financial Markets and the European Crisis",Fratzscher,1,05.02.2018,2017/18,10,1.7,1.7,0,2,1,3,2,2,0,0,0,0,0,0
316,70814,Seminar Aktuelle Probleme der Wirtschaftspolitik,Kamecke,1,19.02.2018,2017/18,28,1.99,1.85,0.035699999999999996,4,4,6,4,5,2,0,2,0,0,1
317,709920,New Models for the Digital Economy,Burda,1,04.04.2018,2017/18,10,1.96,2,0,0,2,1,4,2,1,0,0,0,0,0
318,70922,Datengrundlagen der Wirtschaftspolitik,Kamecke,1,12.04.2018,2017/18,16,1.9,1.85,0,2,5,1,3,2,1,1,0,0,1,0
319,7010914,Seminar Political Economy of Inequality,Karakoc,1,19.04.2018,2017/18,18,2.1,1.7,0.16670000000000001,2,4,8,1,0,0,0,0,0,0,3
320,7010909,Seminar Economics and Nationalism,Wolf,1,07.05.2018,2017/18,12,2.14,2.15,0,1,2,2,1,2,2,1,0,1,0,0
321,709911,Seminar Voting Behavior,Engelmann,1,18.05.2018,2017/18,12,1.69,1.7,0,2,3,3,1,2,1,0,0,0,0,0
322,70777,Seminar Information Systems,Lessmann,1,16.04.2018,2017/18,27,1.4,1.3,0,9,8,5,5,0,0,0,0,0,0,0
323,707917,IT Security and Privacy,Fabian,1,23.04.2018,2017/18,29,1.34,1.3,0,12,11,3,0,1,2,0,0,0,0,0
324,70728,Research Seminar Operations Research,Klimm,1,15.03.2018,2017/18,6,1.31,1.3,0,2,3,0,1,0,0,0,0,0,0,0
325,701002,Multivariate Statistical Analysis I,Lopez,1,15.03.2018,2017/18,40,2.93,2.7,0.2,4,3,1,5,5,3,4,2,2,3,8
326,701002,Multivariate Statistical Analysis I,Lopez,2,23.05.2018,2017/18,40,2.89,2.7,0.125,0,1,3,7,8,3,5,4,1,3,5
327,701007,Statistics of Financial Markets I,Härdle,1,16.02.2018,2017/18,13,1.58,1.7,0,2,4,3,3,1,0,0,0,0,0,0
328,7010313,Digital Economy and Decision Analytics,Chen,1,21.02.2018,2017/18,6,1.48,1.3,0,0,4,1,1,0,0,0,0,0,0,0
330,701016,Statistical Programming Languages,Wang,1,16.05.2018,2017/18,49,1.45,1.3,0,13,16,11,6,3,0,0,0,0,0,0
331,701015,Datenanalyse II,Klinke,1,22.05.2018,2017/18,14,2.07,1.85,0,1,3,3,3,0,0,3,0,0,1,0
332,701044,Applied Econometrics,Droge,1,21.03.2018,2017/18,21,3.08,2.7,0.2857,1,2,3,1,2,2,1,1,1,1,6
333,701032,Econometric Methods,Droge,1,09.03.2018,2017/18,78,3.39,3.3,0.3077,3,4,5,8,4,4,4,9,6,7,24
334,701032,Econometric Methods,Droge,2,03.05.2018,2017/18,62,3.01,2.85,0.1613,1,3,7,4,6,10,9,3,6,3,10
335,701036,Microeconometrics,Breunig,1,14.03.2018,2017/18,22,2.51,2.15,0.2273,6,1,1,3,2,4,0,0,0,0,5
336,701036,Microeconometrics,Breunig,2,07.05.2018,2017/18,8,2.83,2.5,0.25,0,1,2,1,0,0,2,0,0,0,2
337,701038,Seminar Econometric Projects,Fitzenberger,1,27.02.2018,2017/18,9,2.14,1.7,0.11109999999999999,3,1,1,1,0,0,1,1,0,0,1
338,70156,Strategie und Organisation,Schöttner,1,22.08.2017,2017,51,3.32,3.3,0.25489999999999996,1,3,6,2,1,7,5,2,4,7,13
339,70156,Strategie und Organisation,Schöttner,2,08.11.2017,2017,17,3.27,3,0.1176,0,0,0,1,2,3,4,1,1,3,2
340,70027,"Strategie, Organisation und Information Technology",Schöttner,1,22.08.2017,2017,138,3.32,3,0.23190000000000002,3,4,6,9,12,18,20,11,8,15,32
341,70027,"Strategie, Organisation und Information Technology",Schöttner,2,14.11.2017,2017,92,3.16,3,0.1957,0,3,6,14,7,10,8,15,6,5,18
342,70114,Mikroökonomie II,Kamecke,1,22.08.2017,2017,104,3.05,3,0.17309999999999998,8,6,4,9,10,10,8,8,17,6,18
343,70114,Mikroökonomie II,Kamecke,2,01.11.2017,2017,52,3.11,3.3,0.17309999999999998,3,2,6,3,4,3,3,7,8,4,9
344,70116,Makroökonomie II,Weinke,1,18.08.2017,2017,123,2.58,2.3,0.1707,28,9,8,10,10,11,8,12,3,3,21
345,70116,Makroökonomie II,Weinke,2,06.11.2017,2017,24,3.29,3.3,0.20829999999999999,2,1,0,1,1,2,3,4,4,1,5
346,70124,Kostenrechnung,-,1,29.08.2017,2017,1,3.25,3.3,0.2188,9,9,16,15,18,16,21,27,24,20,49
347,70124,Kostenrechnung,Gassen,2,08.11.2017,2017,68,3.42,3.3,0.25,2,5,1,3,5,4,7,8,7,9,17
348,70129,Finanzierung und Investition,Stomper,1,29.08.2017,2017,113,3.44,3.3,0.177,1,1,5,6,7,13,14,12,6,28,20
349,70129,Finanzierung und Investition,Stomper,2,20.11.2017,2017,104,3.13,3.3,0.057699999999999994,1,1,10,5,11,12,11,14,8,25,6
350,70118,Investmentanalyse und Portfoliomanagement,Stomper,1,22.08.2017,2017,107,3.47,3.7,0.33640000000000003,5,4,7,3,11,6,8,9,10,8,36
351,70118,Investmentanalyse und Portfoliomanagement,Stomper,2,18.10.2017,2017,48,3.4,3.5,0.1875,1,1,2,3,3,4,4,6,10,5,9
352,70131,Statistik I,Klinke,1,07.08.2017,2017,212,3.5,3.3,0.2783,0,6,8,16,19,18,16,29,19,22,59
353,70131,Statistik I,Klinke,2,23.10.2017,2017,150,3.7,3.7,0.3267,2,1,6,7,5,8,19,21,12,20,49
354,70142,Mathematik II,Graßhoff,1,21.08.2017,2017,306,3.05,3,0.2026,15,18,25,31,36,22,24,23,26,24,62
355,70142,Mathematik II,Graßhoff,2,25.10.2017,2017,61,3.34,3.3,0.18030000000000002,0,1,3,2,4,7,12,11,5,5,11
356,70133,Einführung in die Ökonometrie,Fitzenberger,1,13.09.2017,2017,171,3.15,3,0.11109999999999999,3,4,9,11,19,22,18,24,18,24,19
357,70133,Einführung in die Ökonometrie,Fitzenberger,2,16.11.2017,2017,71,3.96,4,0.3944,3,0,1,0,2,2,4,8,13,10,28
358,70723,Grundlagen des Operations Research,Klimm,1,20.07.2017,2017,55,2.83,2.7,0.0909,2,3,3,5,7,11,7,5,5,2,5
359,70723,Grundlagen des Operations Research,Klimm,2,06.10.2017,2017,17,3.14,2.7,0.2353,0,0,1,3,2,4,0,2,1,0,4
360,70619,Grundzüge der Konzernbesteuerung,Houben,1,01.08.2017,2017,20,2.86,3,0.05,0,2,2,0,3,2,4,2,2,2,1
361,70619,Grundzüge der Konzernbesteuerung,Houben,2,01.11.2017,2017,4,4.67,5,0.75,0,0,0,0,0,0,0,0,1,0,3
362,70620,Internationale Unternehmensbesteuerung,Gröger,1,14.08.2017,2017,17,2.64,2,0.29410000000000003,3,2,3,1,2,1,0,0,0,0,5
363,70620,Internationale Unternehmensbesteuerung,Gröger,2,14.11.2017,2017,11,2.78,2.7,0.1818,0,3,1,0,1,1,2,0,0,1,2
364,70628,Steuerwirkungslehre,Maiterth,1,03.08.2017,2017,11,4.24,5,0.7273000000000001,1,0,0,0,0,1,1,0,0,0,8
365,70628,Steuerwirkungslehre,Maiterth,2,13.11.2017,2017,6,2.73,2.7,0.16670000000000001,2,0,0,0,0,2,0,0,0,1,1
366,70624,Seminar zu aktuellen steuerlichen Themen,Houben,1,05.09.2017,2017,13,2.14,2,0,1,2,1,4,2,0,1,1,1,0,0
367,70632,Entrepreneurial and Behavioral Decision Making,Schade,1,03.08.2017,2017,44,3.15,3.3,0.1591,2,3,2,3,3,6,2,5,4,7,7
368,70632,Entrepreneurial and Behavioral Decision Making,Schade,2,22.11.2017,2017,11,2.26,2.3,0,0,1,2,2,3,0,2,1,0,0,0
369,70638,Seminar Innovative Entrepreneurship,Schade,1,15.09.2017,2017,13,2.57,2.3,0.15380000000000002,3,2,0,0,3,0,1,0,0,2,2
370,70653,Finanzierungstheorie,Weber,1,13.07.2017,2017,10,2.11,1.85,0,0,2,3,1,0,2,2,0,0,0,0
371,70653,Finanzierungstheorie,Weber,2,12.10.2017,2017,8,2.63,2.5,0,0,0,1,2,1,1,1,0,2,0,0
372,70670,Issues in Finance,Müller,1,12.07.2017,2017,6,2.43,2.5,0,0,1,1,0,1,1,0,2,0,0,0
373,70655,Market Microstructure,Müller,1,16.08.2017,2017,26,2.3,2.3,0.0385,4,4,3,1,4,1,4,1,2,1,1
374,70662,Banken,Saupe,1,28.08.2017,2017,66,2.91,2.7,0.2273,7,8,2,9,2,6,6,5,2,4,15
375,70662,Banken,Saupe,2,03.11.2017,2017,46,2.8,2.7,0.1522,6,2,2,7,4,7,1,3,3,4,7
376,701138,Behavioral Finance and Asset Pricing,Kasch,1,22.08.2017,2017,15,2.41,2.3,0.1333,3,2,1,1,3,1,0,1,0,1,2
377,701139,Financial Economics for Citizens,König,1,27.07.2017,2017,21,3.22,3.3,0.23809999999999998,2,1,1,1,1,2,2,2,2,2,5
378,701139,Financial Economics for Citizens,König,2,16.10.2017,2017,5,3.06,3,0.4,1,1,0,0,0,0,1,0,0,0,2
379,701122,Advanced Corporate Finance,Adam,1,14.08.2017,2017,40,2.86,2.7,0.2,3,2,3,7,2,4,9,0,2,0,8
380,701122,Advanced Corporate Finance,Adam,2,23.10.2017,2017,10,3.16,3,0.2,0,1,0,1,1,1,2,1,0,1,2
381,701123,Private Equity,Elendner,1,24.07.2017,2017,23,2.15,2,0.0435,6,4,1,2,1,2,2,2,2,0,1
382,701123,Private Equity,Elendner,2,23.10.2017,2017,6,2.26,2,0,1,1,1,0,1,0,0,1,0,1,0
383,70671,Seminar Bankwesen,Saupe,1,14.08.2017,2017,4,1.92,1.85,0,0,0,2,1,1,0,0,0,0,0,0
384,701129,Case Seminar Advanced Corporate Finance,Adam,1,18.08.2017,2017,24,1.74,1.7,0,0,2,16,6,0,0,0,0,0,0,0
385,701124,Master Thesis Seminar Corporate Finance,Adam,1,08.09.2017,2017,5,1.88,1.7,0,0,0,3,1,1,0,0,0,0,0,0
386,701133,Master Thesis Seminar Financial Economics,Stomper,1,23.11.2017,2017,4,1.32,1.15,0,2,1,0,1,0,0,0,0,0,0,0
387,70708,Marketing Seminar (BA),Hildebrandt,1,11.07.2017,2017,20,2.27,2.3,0,0,3,1,3,6,4,2,1,0,0,0
388,70701,Marketing Seminar (MA),Guhl,1,31.08.2017,2017,14,1.8,1.7,0.07139999999999999,2,4,5,0,2,0,0,0,0,0,1
389,70734,Personalökonomik,Schöttner,1,31.07.2017,2017,62,3.12,3,0.2097,2,3,6,4,4,10,6,6,5,3,13
390,70734,Personalökonomik,Schöttner,2,16.10.2017,2017,25,3.52,3.3,0.36,2,1,0,1,1,4,2,2,0,3,9
391,706818,Personnel Economics,Schöttner,1,20.07.2017,2017,25,2.82,2.7,0.16,2,0,2,4,2,7,1,2,0,1,4
392,706818,Personnel Economics,Schöttner,2,11.10.2017,2017,9,2.28,2.3,0,2,0,1,0,2,0,3,1,0,0,0
393,706820,Seminar Advanced Topics in Management,Schöttner,1,22.08.2017,2017,20,1.83,1.85,0,3,5,2,4,2,3,1,0,0,0,0
394,706813,Seminar Grundlagen der gesellschaftlichen Verantwortung von Unternehmen,Schwerk,1,17.11.2017,2017,20,1.85,2,0,0,3,5,10,2,0,0,0,0,0,0
395,70759,Konzernrechnungslegung und Unternehmenspublizität,Gassen,1,21.08.2017,2017,23,2.77,2.3,0.21739999999999998,1,2,4,1,6,0,2,2,0,0,5
396,70759,Konzernrechnungslegung und Unternehmenspublizität,Gassen,2,19.10.2017,2017,15,3.31,4,0.3333,3,0,1,1,0,1,0,1,0,3,5
397,708004,Grundlagen der Wirtschaftsprüfung,Schruff,1,14.08.2017,2017,36,2.91,2.85,0.0833,0,3,3,2,4,6,6,2,4,3,3
398,708004,Grundlagen der Wirtschaftsprüfung,Schruff,2,08.11.2017,2017,20,3.58,3.7,0.3,1,2,0,0,1,0,2,1,5,2,6
399,708009,Valuation,Bierey,1,22.08.2017,2017,78,2.74,2.7,0.141,2,7,8,11,10,10,10,4,3,2,11
400,708009,Valuation,Bierey,2,19.10.2017,2017,19,2.74,2.7,0.0526,2,0,2,0,3,3,3,2,3,0,1
401,70798,Accounting Theory and Earnings Management,Gassen,1,22.08.2017,2017,18,3.2,3.3,0.2778,1,1,3,0,1,1,1,3,2,0,5
402,70798,Accounting Theory and Earnings Management,Gassen,2,19.10.2017,2017,5,2.74,2.7,0.2,1,0,0,1,0,1,1,0,0,0,1
403,708001,Bachelorseminar Rechnungswesen,Gassen,1,17.07.2017,2017,16,2.58,2.5,0.0625,1,0,2,3,2,2,3,1,1,0,1
404,70800,Master Thesis Seminar Accounting,Brüggemann,1,26.07.2017,2017,8,1.78,1.7,0,0,3,2,2,0,0,1,0,0,0,0
405,70727,Seminar Aktuelle Themen des Operations Research,Klimm,1,24.07.2017,2017,5,1.6,1.7,0,1,1,2,0,1,0,0,0,0,0,0
406,707502,Network based energy systems,Hubert,1,16.08.2017,2017,27,2.65,2.3,0.22219999999999998,6,2,2,3,2,2,2,0,1,1,6
407,707502,Network based energy systems,Hubert,2,27.10.2017,2017,10,2.57,3,0,2,0,1,0,1,0,3,1,2,0,0
408,707506,Innovation and Property Rights,Hubert,1,20.07.2017,2017,9,1.44,1,0,7,0,0,0,0,0,2,0,0,0,0
409,707504,Seminar Energy Policy,Hubert,1,16.08.2017,2017,4,1.75,1.65,0,1,1,0,1,0,1,0,0,0,0,0
410,70829,Labour Economics,Schnitzlein,1,08.08.2017,2017,59,3.09,3,0.16949999999999998,1,1,2,7,6,10,9,8,4,1,10
411,70829,Labour Economics,Schnitzlein,2,01.11.2017,2017,21,2.76,2.7,0.047599999999999996,2,1,2,2,1,3,2,2,2,3,1
412,70881,Monetary Economics,Weinke,1,14.08.2017,2017,35,2.59,2.3,0.1143,6,4,2,2,4,2,4,2,3,2,4
413,70881,Monetary Economics,Weinke,2,01.11.2017,2017,6,3.33,3.85,0.3333,1,1,0,0,0,0,0,0,1,1,2
414,70805,Competition Policy,Kamecke,1,28.07.2017,2017,52,3.27,3.3,0.23079999999999998,6,1,3,2,1,4,6,4,8,5,12
415,70805,Competition Policy,Kamecke,2,01.11.2017,2017,42,3.16,3.3,0.16670000000000001,5,0,1,3,3,3,5,4,6,5,7
416,70874,Information Economics,Asseyer,1,07.08.2017,2017,20,2.42,1.85,0.15,3,4,3,2,0,3,0,0,0,2,3
417,70874,Information Economics,Asseyer,2,06.10.2017,2017,9,2.87,3,0.11109999999999999,1,0,0,1,1,0,3,2,0,0,1
418,70972,Advanced Monetary Economics,Weinke,1,18.08.2017,2017,21,2.4,2,0.047599999999999996,2,1,2,6,2,3,1,1,1,1,1
419,70972,Advanced Monetary Economics,Weinke,2,03.11.2017,2017,5,3.52,3.3,0.4,1,0,0,0,0,0,0,2,0,0,2
420,70985,Decision-Making under Uncertainty,Weizsäcker,1,28.08.2017,2017,18,2.67,2.5,0.0556,1,3,0,3,2,1,2,1,1,3,1
421,70985,Decision-Making under Uncertainty,Weizsäcker,2,07.11.2017,2017,5,3.4,3.3,0.2,0,0,0,1,0,1,0,1,0,1,1
422,709907,Public Economics,Engelmann,1,21.08.2017,2017,21,2.66,2.3,0.1429,2,1,3,4,1,1,1,5,0,0,3
423,709907,Public Economics,Engelmann,2,25.10.2017,2017,10,2.94,2.7,0.1,0,0,1,1,0,4,0,3,0,0,1
424,701056,Advanced International Trade: Theory and Empirics,Wolf,1,17.08.2017,2017,23,2.59,1.7,0.21739999999999998,3,5,4,1,0,1,1,1,2,0,5
425,701056,Advanced International Trade: Theory and Empirics,Wolf,2,27.10.2017,2017,10,3.01,2.5,0.2,0,0,3,0,2,1,0,0,1,1,2
426,70818,International Macroeconomics,Schwark,1,09.08.2017,2017,22,2.56,2.3,0.2273,8,0,0,2,5,0,0,0,0,2,5
427,70818,International Macroeconomics,Schwark,2,16.10.2017,2017,6,2.68,2.7,0.16670000000000001,1,0,1,0,0,2,1,0,0,0,1
428,70989,Angewandte Kausalanalyse,Kluve,1,07.08.2017,2017,24,2.89,3,0.0833,2,2,1,3,1,2,3,1,3,4,2
429,70989,Angewandte Kausalanalyse,Kluve,2,13.11.2017,2017,6,2.88,3,0,0,0,0,1,1,1,0,2,1,0,0
430,709906,Verhaltensökonomische Aspekte der Finanzwissenschaft,Engelmann,1,21.07.2017,2017,31,2.22,2,0,3,3,5,6,3,4,1,4,1,1,0
431,709906,Verhaltensökonomische Aspekte der Finanzwissenschaft,Engelmann,2,17.11.2017,2017,20,2.69,2.35,0.05,0,2,3,5,0,1,1,2,4,1,1
432,709909,Politische Ökonomie von Steuern und Staatsverschuldung,Blankart,1,28.08.2017,2017,19,3.75,3.7,0.4211,1,0,0,2,1,1,1,1,3,1,8
433,709909,Politische Ökonomie von Steuern und Staatsverschuldung,Blankart,2,14.11.2017,2017,14,3.21,3,0.1429,0,0,0,1,3,2,2,1,2,1,2
434,70899,Theory of Social Choice,Gaertner,1,31.07.2017,2017,6,3.33,2.85,0.3333,0,0,0,1,1,1,1,0,0,0,2
435,70837,Theory of Incentives,Schweighofer-Kodritsch,1,11.08.2017,2017,12,2.73,2.5,0.0833,0,0,2,2,2,3,0,0,1,1,1
436,70842,Game Theory,Weizsäcker,1,16.08.2017,2017,59,2.71,2.3,0.1356,2,7,7,7,8,5,5,4,3,3,8
437,70842,Game Theory,Weizsäcker,2,01.11.2017,2017,18,3.57,3.3,0.2778,0,0,1,1,0,2,4,2,1,2,5
438,709917,Intergenerational Mobility,Schnitzlein,1,01.08.2017,2017,12,2.21,2.3,0,2,0,1,2,3,2,0,2,0,0,0
439,701075,European Economic History II (1914 - up to now),Wolf,1,22.08.2017,2017,30,2.98,2.7,0.2667,1,3,1,5,2,7,2,1,0,0,8
440,701075,European Economic History II (1914 - up to now),Wolf,2,11.10.2017,2017,9,2.3,2.7,0,1,1,1,1,0,3,0,2,0,0,0
441,70956,Advanced Macroeconomic Analysis II,-,1,14.08.2017,2017,4,1.92,2,0,1,0,1,0,1,1,0,0,0,0,0
442,70814,Seminar Aktuelle Probleme der Wirtschaftspolitik,Kamecke,1,25.07.2017,2017,33,2.41,2,0.1515,2,6,5,4,5,5,0,1,0,0,5
443,7010894,Seminar Angewandte Demographie,Michel,1,26.07.2017,2017,23,1.5,1.3,0,4,10,2,6,1,0,0,0,0,0,0
444,709916,Seminar Bildungsökonomik,Schnitzlein,1,01.08.2017,2017,14,1.55,1.3,0,2,6,2,2,2,0,0,0,0,0,0
445,709908,Seminar on New Regimes of Monetary Policy,Fratzscher,1,02.08.2017,2017,15,1.59,1.7,0,0,7,4,4,0,0,0,0,0,0,0
446,709911,Seminar Voting Behavior,Engelmann,1,16.10.2017,2017,23,1.53,1.3,0,5,8,4,4,1,1,0,0,0,0,0
447,70913,Seminar Behavioral Economics,Weizsäcker,1,23.10.2017,2017,15,1.84,1.7,0,1,4,3,4,0,2,1,0,0,0,0
448,7010903,Seminar Selected Topics in the Economic History of the Middle East,Karakoc,1,03.11.2017,2017,21,1.84,2,0,0,3,7,9,1,1,0,0,0,0,0
449,7010913,Seminar Philosophy of Economics,Wolf,1,10.11.2017,2017,20,1.67,1.7,0,3,5,7,1,2,2,0,0,0,0,0
450,707927,Grundlagen der Programmierung,Lessmann,1,26.07.2017,2017,84,2.51,2.3,0.11900000000000001,6,12,11,9,12,10,6,1,4,3,10
451,707927,Grundlagen der Programmierung,Lessmann,2,27.10.2017,2017,36,2.7,2.7,0.0833,3,6,1,4,2,3,5,2,2,5,3
452,707923,Business Intelligence Systems,Lessmann,1,26.07.2017,2017,5,2.8,3.3,0,0,1,0,1,0,0,0,1,2,0,0
453,707928,Digital Marketing and Web Analytics,Lessmann,1,14.08.2017,2017,42,3.45,3.5,0.4286,1,3,5,3,4,1,3,1,1,2,18
454,707928,Digital Marketing and Web Analytics,Lessmann,2,03.11.2017,2017,26,2.78,2.5,0.11539999999999999,1,2,4,3,3,1,3,1,3,2,3
455,707924,Seminar Wirtschaftsinformatik,Lessmann,1,18.10.2017,2017,24,1.85,1.85,0,6,4,2,6,2,0,2,0,2,0,0
456,707926,Seminar Applied Predictive Analytics,Lessmann,1,27.10.2017,2017,28,1.53,1.7,0,6,7,9,4,2,0,0,0,0,0,0
457,7010316,Multivariate Statistical Analysis II / Non- and Semiparametric Modeling,Müller,1,05.09.2017,2017,12,2.52,1.65,0.25,3,3,0,1,0,1,0,0,1,0,3
458,7010316,Multivariate Statistical Analysis II / Non- and Semiparametric Modeling,Müller,2,14.11.2017,2017,8,3.32,2.5,0.375,0,0,0,1,3,1,0,0,0,0,3
459,7010317,Statistics of Financial Markets II / Advanced Methods in Quantitative Finance,Wang,1,18.07.2017,2017,11,1.78,1.7,0,0,5,3,0,1,1,1,0,0,0,0
460,7010313,Digital Economy and Decision Analytics,Chen,1,24.07.2017,2017,8,1.36,1.3,0,3,3,0,2,0,0,0,0,0,0,0
461,701016,Statistical Programming Languages,Härdle,1,11.10.2017,2017,55,2.12,2,0.0182,3,11,11,7,9,0,10,0,3,0,1
462,701009,Datenanalyse I,Klinke,1,16.10.2017,2017,19,2.02,2,0,1,0,6,6,3,2,1,0,0,0,0
464,701042,Advanced Econometrics,Fitzenberger,1,28.08.2017,2017,13,2.89,2.3,0.3077,0,3,2,1,2,0,0,0,1,0,4
465,701042,Advanced Econometrics,Fitzenberger,2,24.10.2017,2017,11,2.72,2.7,0.0909,0,2,0,3,0,1,1,1,2,0,1
466,701034,Time Series Analysis,Droge,1,07.08.2017,2017,10,3.13,3,0.4,1,2,1,0,0,0,2,0,0,0,4
467,701034,Time Series Analysis,Droge,2,23.10.2017,2017,4,2.97,3.3,0,0,1,0,0,0,0,0,2,0,1,0
468,701041,Seminar Selected Topics in Econometrics,Breunig,1,06.10.2017,2017,6,1.33,1.15,0,3,1,1,1,0,0,0,0,0,0,0
469,70011,Einführung in die Volkswirtschaftslehre und Wirtschaftsgeschichte,Wolf,1,22.03.2017,2016/17,112,3.64,3.7,0.3839,3,1,6,9,5,10,7,10,11,7,43
470,70011,Einführung in die Volkswirtschaftslehre und Wirtschaftsgeschichte,Wolf,2,12.05.2017,2016/17,110,3.03,2.7,0.1636,5,3,11,11,12,14,8,7,9,12,18
471,70111,Einführung in die Volkswirtschaftslehre,Wolf,1,22.03.2017,2016/17,25,2.76,2.7,0.12,1,1,2,5,3,4,2,1,2,1,3
472,70111,Einführung in die Volkswirtschaftslehre,Wolf,2,10.05.2017,2016/17,22,2.9,3.15,0.1364,3,2,0,2,2,0,2,3,4,1,3
473,70113,Wirtschaftsgeschichte,Wolf,1,22.03.2017,2016/17,31,3.11,3,0.22579999999999997,1,4,0,4,3,3,2,2,1,4,7
474,70113,Wirtschaftsgeschichte,Wolf,2,12.05.2017,2016/17,38,3.25,3.15,0.21050000000000002,0,4,1,2,2,4,6,6,2,3,8
475,70119,Externes Rechnungswesen,Maiterth,1,21.03.2017,2016/17,319,3.51,3.7,0.3448,16,11,15,17,19,26,26,28,25,26,110
476,70119,Externes Rechnungswesen,Maiterth,2,24.04.2017,2016/17,113,3.7,3.7,0.354,2,4,5,3,3,9,7,16,12,12,40
477,70026,Marketing und E-Business,Klapper,1,15.03.2017,2016/17,62,3.45,3.3,0.2581,0,1,1,3,8,7,8,9,5,4,16
478,70026,Marketing und E-Business,Klapper,2,04.05.2017,2016/17,32,2.77,2.7,0.031200000000000002,0,0,1,6,5,7,3,7,1,1,1
479,70126,Absatztheorie,Klapper,1,08.03.2017,2016/17,36,2.78,2.7,0.11109999999999999,1,3,5,3,3,4,4,5,4,0,4
480,70126,Absatztheorie,Klapper,2,27.04.2017,2016/17,12,2.88,3,0.0833,1,2,0,0,2,1,0,1,2,2,1
481,70129,Finanzierung und Investition,-,1,28.02.2017,2016/17,1,2.91,2.7,0.1889,6,5,9,13,7,6,10,8,4,5,17
482,70129,Finanzierung und Investition,Weber,2,19.04.2017,2016/17,55,2.99,3,0.1636,2,6,6,1,5,4,6,7,5,4,9
483,70118,Investmentanalyse und Portfoliomanagement,Stomper,1,23.03.2017,2016/17,144,3.67,3.7,0.22920000000000001,2,1,3,4,10,10,10,15,20,36,33
484,70118,Investmentanalyse und Portfoliomanagement,Stomper,2,12.05.2017,2016/17,59,3.67,3.7,0.2712,2,0,3,2,2,4,4,5,8,13,16
485,70143,Wirtschaftsinformatik I,Lessmann,1,08.03.2017,2016/17,183,2.41,2.3,0.0601,5,26,30,24,30,15,21,7,6,8,11
486,70143,Wirtschaftsinformatik I,Lessmann,2,15.05.2017,2016/17,95,2.36,2.3,0.0105,8,6,19,14,12,7,9,5,7,7,1
487,70112,Mikroökonomie I,Schweighofer-Kodritsch,1,28.03.2017,2016/17,234,2.98,3,0.1838,20,19,12,16,20,23,30,13,21,17,43
488,70112,Mikroökonomie I,Schweighofer-Kodritsch,2,12.05.2017,2016/17,105,3.04,3,0.1048,4,8,7,6,7,12,9,15,10,16,11
489,70115,Makroökonomie I,Weinke,1,27.03.2017,2016/17,173,2.9,2.7,0.1387,12,12,13,15,19,21,12,15,13,17,24
490,70115,Makroökonomie I,Weinke,2,08.05.2017,2016/17,99,2.82,2.7,0.10099999999999999,4,7,11,8,10,12,14,8,6,9,10
491,70132,Statistik II,Klinke,1,03.03.2017,2016/17,160,3.15,3,0.175,1,7,11,9,17,23,24,15,15,10,28
492,70132,Statistik II,Klinke,2,26.04.2017,2016/17,131,3.08,3,0.1374,0,4,6,18,17,10,18,19,13,8,18
493,70141,Mathematik I,Graßhoff,1,20.03.2017,2016/17,294,3.22,3,0.23129999999999998,10,15,22,24,24,25,29,27,21,29,68
494,70141,Mathematik I,Graßhoff,2,03.05.2017,2016/17,123,3.94,4,0.39840000000000003,0,5,1,5,4,7,5,6,15,26,49
495,70151,Bürgerliches Recht,Böhme,1,16.03.2017,2016/17,230,2.28,2,0.0348,24,21,34,40,33,28,13,13,7,9,8
496,70151,Bürgerliches Recht,Böhme,2,26.04.2017,2016/17,97,1.57,1.3,0,17,33,28,11,3,0,0,5,0,0,0
497,70153,Handels- und Gesellschaftsrecht,Leyens,1,16.03.2017,2016/17,244,2.32,2,0.06559999999999999,37,36,34,24,24,15,17,14,14,13,16
498,70153,Handels- und Gesellschaftsrecht,Leyens,2,28.04.2017,2016/17,157,1.71,1.7,0,27,39,40,29,9,3,2,2,2,4,0
499,708010,Seminar Empirische Forschung,Gassen,1,23.01.2017,2016/17,12,1.8,1.7,0,2,1,4,1,3,1,0,0,0,0,0
500,70601,Organization and Management,-,1,22.02.2017,2016/17,1,2.43,2.3,0.1017,9,11,4,3,7,7,2,2,6,2,6
501,70601,Organization and Management,Foucart,2,26.04.2017,2016/17,21,2.96,3,0.1905,2,1,1,2,2,2,4,1,0,2,4
502,70605,Grundzüge der Besteuerung,Maiterth,1,21.02.2017,2016/17,18,2.88,2.7,0.11109999999999999,0,2,1,2,3,2,1,2,1,2,2
503,70605,Grundzüge der Besteuerung,Maiterth,2,18.04.2017,2016/17,9,3.25,3.3,0.3333,1,1,0,1,0,1,0,1,0,1,3
504,70614,Corporate Finance,Adam,1,24.02.2017,2016/17,51,2.91,2.7,0.27449999999999997,5,8,4,5,3,2,3,3,3,1,14
505,70614,Corporate Finance,Adam,2,20.04.2017,2016/17,42,3.65,4,0.35710000000000003,2,3,2,0,0,2,5,4,2,7,15
506,70615,Marketing Management,Klapper,1,22.03.2017,2016/17,67,3.09,3,0.209,7,2,5,3,6,5,9,5,6,5,14
507,70615,Marketing Management,Klapper,2,27.04.2017,2016/17,36,2.02,1.7,0.0278,9,6,5,1,3,5,3,1,0,2,1
508,70617,Financial Accounting and Analysis,Brüggemann,1,13.03.2017,2016/17,78,2.59,2.3,0.141,9,4,14,6,10,10,5,4,2,3,11
509,70617,Financial Accounting and Analysis,Brüggemann,2,26.04.2017,2016/17,35,2.62,2.7,0.0571,1,5,1,7,2,4,5,5,1,2,2
510,70618,Grundzüge der Unternehmensbesteuerung,Maiterth,1,27.02.2017,2016/17,35,2.92,2.7,0.2571,4,3,3,2,5,1,3,3,2,0,9
511,70618,Grundzüge der Unternehmensbesteuerung,Maiterth,2,19.04.2017,2016/17,11,2.48,3,0,3,1,1,0,0,0,1,2,1,2,0
512,70625,Umwandlung von Unternehmen und Besteuerung,Maiterth,1,07.03.2017,2016/17,7,2.05,2,0,1,0,2,2,0,1,0,1,0,0,0
513,706205,"Steuerliche Gewinnermittlung, Umsatzsteuer und Verfahrensrecht",Houben,1,20.03.2017,2016/17,14,3.8,4,0.4286,1,0,0,0,1,1,2,1,0,2,6
514,706205,"Steuerliche Gewinnermittlung, Umsatzsteuer und Verfahrensrecht",Houben,2,02.05.2017,2016/17,15,3.04,3,0.3333,3,0,2,0,2,0,2,0,1,0,5
515,706203,Master Tax Seminar,Houben,1,16.03.2017,2016/17,7,1.8,1.3,0,3,1,0,0,1,1,0,1,0,0,0
516,70624,Seminar zu aktuellen steuerlichen Themen,Houben,1,16.03.2017,2016/17,11,2.24,2.7,0,2,1,1,1,0,2,3,1,0,0,0
517,70641,Economics of Entrepreneurship (BA),Schade,1,02.03.2017,2016/17,78,3.68,3.7,0.34619999999999995,1,0,4,7,0,10,6,7,6,10,27
518,70641,Economics of Entrepreneurship (BA),Schade,2,24.04.2017,2016/17,30,4.04,4.5,0.5,1,0,1,0,2,1,1,3,2,4,15
519,706513,Consulting and Change Management,Lippold,1,02.03.2017,2016/17,37,2.34,2.3,0.027000000000000003,6,4,2,5,5,3,3,3,4,1,1
520,706513,Consulting and Change Management,Lippold,2,11.04.2017,2016/17,21,2.67,2.7,0.1429,3,4,1,0,1,2,2,3,1,1,3
521,70646,Seminar on Entrepreneurship and Innovation Theory,Schade,1,27.01.2017,2016/17,16,1.65,1.7,0,3,4,6,0,0,3,0,0,0,0,0
522,70665,Basics of International Finance,Müller,1,10.02.2017,2016/17,80,3.02,2.7,0.2875,9,8,8,7,3,6,2,6,2,6,23
523,70665,Basics of International Finance,Müller,2,27.04.2017,2016/17,31,2.85,2.7,0.129,3,3,1,3,2,5,3,1,2,4,4
524,70659,Hauptseminar Finanzierung,Müller,1,13.01.2017,2016/17,5,1.78,2,0,0,2,0,2,1,0,0,0,0,0,0
525,701134,Introduction to Financial Economics,Radwanski,1,21.02.2017,2016/17,45,2.27,2,0.11109999999999999,9,6,3,8,6,2,2,2,1,1,5
526,701134,Introduction to Financial Economics,Radwanski,2,26.04.2017,2016/17,7,2.84,2.3,0.2857,1,2,0,0,1,0,0,0,0,1,2
527,70671,Seminar Bankwesen,Saupe,1,22.02.2017,2016/17,7,2.14,2,0,0,0,1,4,1,0,1,0,0,0,0
528,701124,Master Thesis Seminar Corporate Finance,Adam,1,21.04.2017,2016/17,5,1.58,1.3,0,1,2,0,1,1,0,0,0,0,0,0
529,70687,Marktforschung und Marketingentscheidungen,-,1,21.03.2017,2016/17,1,3.53,3.3,0.24559999999999998,0,1,2,1,6,4,9,8,4,8,14
530,70687,Marktforschung und Marketingentscheidungen,Klapper,2,03.05.2017,2016/17,29,3.47,3.7,0.2759,2,1,0,2,2,1,3,3,2,5,8
531,70708,Marketing Seminar (BA),Hildebrandt,1,22.02.2017,2016/17,14,2.15,2.15,0,0,3,1,3,3,2,1,1,0,0,0
532,70701,Marketing Seminar (MA),Guhl,1,24.03.2017,2016/17,6,1.65,1.65,0,0,3,0,3,0,0,0,0,0,0,0
533,70752,Internationale Rechnungslegung,Gassen,1,15.03.2017,2016/17,26,3.3,3.3,0.2692,1,2,2,1,2,3,1,2,1,4,7
534,70752,Internationale Rechnungslegung,Gassen,2,08.05.2017,2016/17,17,3.38,3.3,0.1176,1,1,0,0,1,1,0,5,1,5,2
535,708008,Controlling,Gassen,1,06.03.2017,2016/17,36,3.47,3.7,0.3056,2,2,3,1,1,0,3,5,5,3,11
536,708008,Controlling,Gassen,2,20.04.2017,2016/17,32,3.11,3,0.2188,1,3,2,0,6,2,5,2,1,3,7
537,708001,Bachelorseminar Rechnungswesen,Gassen,1,16.02.2017,2016/17,16,2.54,2.5,0.125,1,3,2,1,1,3,1,1,1,0,2
538,70800,Master Thesis Seminar Accounting,Brüggemann,1,20.02.2017,2016/17,5,2.18,2,0,0,2,0,1,0,0,1,1,0,0,0
539,708011,Advanced Topics and Cases in Accounting,Schruff,1,18.04.2017,2016/17,7,1.9,2,0,0,1,1,4,1,0,0,0,0,0,0
540,707504,Seminar Energy Policy,Hubert,1,05.04.2017,2016/17,5,1.54,1.7,0,1,1,2,1,0,0,0,0,0,0,0
541,70803,Introduction to Advanced Microeconomic Analysis,Strausz,1,23.03.2017,2016/17,107,2.79,2.7,0.1495,5,8,14,8,10,16,20,2,4,4,16
542,70803,Introduction to Advanced Microeconomic Analysis,Strausz,2,09.05.2017,2016/17,52,2.96,3,0.1346,2,2,7,4,7,2,5,8,1,7,7
543,70941,Introduction to Advanced Macroeconomic Analysis,Burda,1,15.03.2017,2016/17,86,3.13,3,0.20929999999999999,1,3,6,11,12,6,12,5,7,5,18
544,70941,Introduction to Advanced Macroeconomic Analysis,Burda,2,11.04.2017,2016/17,59,2.73,2.3,0.1186,1,1,9,10,12,3,8,4,1,3,7
545,70801,Außenhandel,Kamecke,1,09.03.2017,2016/17,49,3.09,3,0.2041,6,1,2,4,5,3,4,5,4,5,10
546,70801,Außenhandel,Kamecke,2,12.04.2017,2016/17,23,3.3,3.3,0.3043,2,0,2,2,1,1,3,3,1,1,7
547,70881,Monetary Economics,Weinke,1,24.02.2017,2016/17,9,1.84,1.3,0,4,1,0,1,0,1,0,2,0,0,0
548,70881,Monetary Economics,Weinke,2,24.04.2017,2016/17,6,2.96,2.7,0.16670000000000001,0,0,1,1,0,2,0,0,1,0,1
549,70904,Introduction to Game Theory,Strausz,1,23.03.2017,2016/17,75,2.65,2.3,0.12,4,6,10,10,11,7,6,6,3,3,9
550,70904,Introduction to Game Theory,Strausz,2,08.05.2017,2016/17,49,3.46,3.3,0.3061,2,1,3,2,3,5,6,5,2,5,15
551,709901,Grundlagen der Finanzwissenschaft,König,1,27.03.2017,2016/17,77,2.94,3,0.1558,6,2,8,8,9,5,5,9,7,6,12
552,709901,Grundlagen der Finanzwissenschaft,König,2,04.05.2017,2016/17,40,2.73,2.7,0.125,3,3,6,4,2,5,4,3,2,3,5
553,70953,Empirical Labor Economics,Spitz-Oener,1,27.03.2017,2016/17,13,3.3,3.3,0.07690000000000001,0,0,1,0,2,2,0,2,1,4,1
554,70953,Empirical Labor Economics,Spitz-Oener,2,17.05.2017,2016/17,10,3.42,3.3,0.3,0,0,0,2,1,0,1,3,0,0,3
555,709903,Ökonomik des Föderalstaates,Blankart,1,20.03.2017,2016/17,38,2.92,2.7,0.1316,0,1,3,4,8,5,5,3,4,0,5
556,709903,Ökonomik des Föderalstaates,Blankart,2,17.05.2017,2016/17,21,2.93,3,0,0,0,1,1,2,5,5,4,1,2,0
557,7010893,Wirtschafts- und sozialgeschichtliche Aspekte der Demographie,Michel,1,20.03.2017,2016/17,70,2.31,2.3,0.0143,0,8,10,14,11,13,7,5,0,1,1
558,7010893,Wirtschafts- und sozialgeschichtliche Aspekte der Demographie,Michel,2,03.05.2017,2016/17,26,2.73,2.7,0.11539999999999999,0,2,2,5,3,5,2,3,1,0,3
559,70831,Economic Growth,Schwark,1,17.02.2017,2016/17,8,2.03,1.15,0.125,4,1,0,1,0,0,0,0,0,1,1
560,70831,Economic Growth,Schwark,2,27.04.2017,2016/17,10,2.26,2.15,0,2,2,0,1,1,1,0,1,1,1,0
561,701073,European Economic History I (1800-1914),Wolf,1,12.05.2017,2016/17,41,3.03,3,0.2195,3,6,1,1,4,5,3,3,2,4,9
562,701073,European Economic History I (1800-1914),Wolf,2,26.04.2017,2016/17,23,3.22,2.7,0.39130000000000004,1,3,4,0,1,3,0,1,1,0,9
563,70814,Seminar Aktuelle Probleme der Wirtschaftspolitik,Kamecke,1,22.02.2017,2016/17,39,2.35,2,0.07690000000000001,1,6,8,6,5,3,3,3,0,1,3
564,70997,"Seminar Monetary Policy, Financial Markets and the European Crisis",Fratzscher,1,31.01.2017,2016/17,5,1.68,1.7,0,0,1,3,1,0,0,0,0,0,0,0
565,709913,Seminar Selected Topics of Emerging Markets,Menkhoff,1,06.03.2017,2016/17,16,2.37,2.5,0,1,1,2,2,2,3,3,2,0,0,0
566,70922,Datengrundlagen der Wirtschaftspolitik,Kamecke,1,07.04.2017,2016/17,18,1.57,1.7,0,4,4,6,1,3,0,0,0,0,0,0
567,7010905,Seminar Agglomeration Economics and Industry Location,Wolf,1,19.04.2017,2016/17,6,1.71,1.7,0,0,2,2,1,1,0,0,0,0,0,0
568,7010911,Seminar Economic Crisis and Political Change,Wolf,1,15.05.2017,2016/17,20,2.26,2.15,0,1,2,4,3,2,2,3,3,0,0,0
569,707922,Business Analytics and Data Science,Lessmann,1,22.03.2017,2016/17,173,2.18,2,0.0058,7,19,33,29,32,19,23,8,2,0,1
570,70777,Seminar Information Systems,Lessmann,1,03.05.2017,2016/17,16,1.88,1.7,0.0625,0,4,7,4,0,0,0,0,0,0,1
571,701002,Multivariate Statistical Analysis I,Härdle,1,21.02.2017,2016/17,42,3.49,3.3,0.381,1,1,3,3,3,6,3,4,0,2,16
572,701002,Multivariate Statistical Analysis I,Härdle,2,11.04.2017,2016/17,25,2.86,2.7,0.16,1,2,2,1,5,4,2,2,1,1,4
573,701007,Statistics of Financial Markets I,Härdle,1,31.01.2017,2016/17,13,1.25,1,0,7,3,2,1,0,0,0,0,0,0,0
574,701015,Datenanalyse II,Klinke,1,08.03.2017,2016/17,21,1.72,1.3,0,4,7,3,2,1,2,1,1,0,0,0
575,701015,Datenanalyse II,Klinke,2,04.05.2017,2016/17,16,1.75,1.7,0,2,5,3,0,5,0,1,0,0,0,0
577,701016,Statistical Programming Languages,Härdle,1,04.05.2017,2016/17,52,1.96,2,0.057699999999999994,10,8,7,11,9,0,4,0,0,0,3
580,701032,Econometric Methods,Droge,1,13.03.2017,2016/17,66,3.36,3.3,0.2576,2,2,4,5,3,5,11,5,7,5,17
581,701032,Econometric Methods,Droge,2,04.05.2017,2016/17,56,2.91,2.7,0.1607,0,6,8,7,6,3,4,5,2,5,10
582,701036,Microeconometrics,Breunig,1,28.03.2017,2016/17,16,2.76,2.7,0.125,1,0,3,2,1,3,1,1,2,0,2
583,701036,Microeconometrics,Breunig,2,03.05.2017,2016/17,7,2.15,1.7,0,1,0,3,1,0,0,1,0,0,1,0
584,701044,Applied Econometrics,Droge,1,07.03.2017,2016/17,29,2.95,2.7,0.2069,1,3,0,4,6,3,1,2,2,1,6
585,701044,Applied Econometrics,Droge,2,02.05.2017,2016/17,13,3.81,4,0.3846,0,1,0,1,1,0,0,1,1,3,5
586,70113,Wirtschaftsgeschichte,Wolf,1,31.08.2016,2016,184,3.29,3.3,0.1685,7,5,7,10,15,19,15,25,23,27,31
587,70113,Wirtschaftsgeschichte,Wolf,2,26.10.2016,2016,143,3.5,3.7,0.24480000000000002,2,6,3,7,11,12,10,17,23,17,35
588,70114,Mikroökonomie II,Pollrich,1,18.08.2016,2016,147,3.24,3.3,0.2789,9,7,12,10,11,13,9,15,13,7,41
589,70114,Mikroökonomie II,Pollrich,2,02.11.2016,2016,55,2.86,2.7,0.1818,3,5,7,3,7,6,5,3,4,2,10
590,70116,Makroökonomie II,Burda,1,16.08.2016,2016,121,2.54,2.3,0.08259999999999999,13,10,12,18,10,12,15,8,11,2,10
591,70116,Makroökonomie II,Burda,2,09.11.2016,2016,51,2.73,2.7,0.098,6,4,4,4,4,8,4,2,3,7,5
592,70124,Kostenrechnung,Gassen,1,22.08.2016,2016,208,3.48,3.3,0.3125,10,4,10,12,13,13,29,16,18,18,65
593,70124,Kostenrechnung,Gassen,2,03.11.2016,2016,91,3.29,3.3,0.2527,6,3,5,6,7,6,8,11,7,9,23
594,70129,Finanzierung und Investition,Saupe,1,03.08.2016,2016,163,3.15,3,0.1595,3,6,13,13,13,20,19,15,18,17,26
595,70129,Finanzierung und Investition,Saupe,2,19.10.2016,2016,40,3.45,3.7,0.2,0,1,2,4,3,2,2,5,5,8,8
596,70156,Strategie und Organisation,Schöttner,1,24.08.2016,2016,222,3.21,3,0.2207,4,8,16,19,24,22,25,21,22,12,49
597,70156,Strategie und Organisation,Schöttner,2,20.10.2016,2016,147,3.28,3.3,0.23129999999999998,4,6,9,13,11,10,15,19,16,10,34
598,70131,Statistik I,Klinke,1,05.08.2016,2016,215,3.18,3,0.13019999999999998,0,7,10,9,24,24,34,45,20,14,28
599,70131,Statistik I,Klinke,2,27.10.2016,2016,121,3.22,3.3,0.157,4,7,4,6,10,13,13,15,12,18,19
600,70133,Einführung in die Ökonometrie,Fitzenberger,1,07.09.2016,2016,149,3.77,3.7,0.26170000000000004,2,3,2,3,1,7,11,24,30,27,39
601,70133,Einführung in die Ökonometrie,Fitzenberger,2,10.11.2016,2016,99,3.42,3.3,0.1616,0,2,2,4,7,12,16,13,9,18,16
602,70142,Mathematik II,Graßhoff,1,22.08.2016,2016,240,3.26,3,0.2458,2,17,12,22,22,19,32,19,17,19,59
603,70142,Mathematik II,Graßhoff,2,31.10.2016,2016,80,3.3,3,0.2625,1,6,2,6,6,12,10,5,6,5,21
604,70152,Öffentliches Recht,Hellriegel,1,10.08.2016,2016,89,2.82,2.7,0.1573,3,11,5,14,11,5,9,6,7,4,14
605,70152,Öffentliches Recht,Hellriegel,2,02.11.2016,2016,29,2.11,2,0,1,10,3,2,5,2,0,2,4,0,0
606,70154,Arbeitsrecht,Tölle,1,10.08.2016,2016,121,1.63,1.3,0.0165,18,47,21,18,8,6,1,0,0,0,2
607,70154,Arbeitsrecht,Tölle,2,17.10.2016,2016,39,1.68,1.7,0,5,14,10,4,1,3,0,1,0,1,0
608,70615,Marketing Management,Klapper,1,22.08.2016,2016,58,3.27,3,0.2586,2,3,2,4,5,8,7,5,3,4,15
609,70615,Marketing Management,Klapper,2,19.10.2016,2016,31,3.3,3.3,0.2581,2,3,0,0,3,1,4,6,3,1,8
610,70619,Grundzüge der Konzernbesteuerung,Houben,1,15.08.2016,2016,14,3.1,3,0.1429,0,1,1,0,1,3,3,1,1,1,2
611,70619,Grundzüge der Konzernbesteuerung,Houben,2,11.10.2016,2016,12,2.91,2.5,0.3333,3,1,0,1,1,1,0,0,1,0,4
612,70620,Internationale Unternehmensbesteuerung,Gröger,1,05.08.2016,2016,16,3.62,4.5,0.5,2,1,0,1,1,1,0,0,1,1,8
613,70620,Internationale Unternehmensbesteuerung,Gröger,2,08.11.2016,2016,11,4.24,5,0.6364,0,0,1,1,0,0,0,0,0,2,7
614,70628,Steuerwirkungslehre,Maiterth,1,01.08.2016,2016,11,3.79,3.7,0.4545,1,0,1,0,0,0,0,2,2,0,5
615,70628,Steuerwirkungslehre,Maiterth,2,05.10.2016,2016,8,3.25,3.65,0.5,2,0,1,0,1,0,0,0,0,0,4
616,706203,Master Tax Seminar,Houben,1,05.08.2016,2016,8,1.66,1,0.125,6,0,0,0,1,0,0,0,0,0,1
617,70624,Seminar zu aktuellen steuerlichen Themen,Houben,1,05.08.2016,2016,7,2.61,2,0.1429,0,3,0,1,0,0,0,0,2,0,1
618,70650,Design of Decision Experiments,Schade,1,22.08.2016,2016,25,2.89,2.7,0.12,0,2,2,5,1,3,3,2,2,2,3
619,70650,Design of Decision Experiments,Schade,2,19.10.2016,2016,6,2.56,2.7,0,0,1,0,1,0,2,1,0,1,0,0
620,70638,Seminar Innovative Entrepreneurship,Schade,1,22.08.2016,2016,11,1.87,2,0,1,3,1,3,1,1,1,0,0,0,0
621,70653,Finanzierungstheorie,Weber,1,14.07.2016,2016,18,3.07,3,0.22219999999999998,2,0,1,2,2,2,0,3,1,1,4
622,70653,Finanzierungstheorie,Weber,2,12.10.2016,2016,8,2.65,2.3,0,0,2,0,0,3,0,0,0,1,2,0
623,70655,Market Microstructure,Bosch,1,08.08.2016,2016,28,2.54,2.3,0.07139999999999999,3,3,4,2,3,2,2,3,2,2,2
624,70662,Banken,Saupe,1,10.08.2016,2016,42,2.83,2.7,0.16670000000000001,4,3,5,4,4,3,4,2,1,5,7
625,70662,Banken,Saupe,2,14.10.2016,2016,27,2.65,2.3,0.0741,1,3,2,3,5,2,3,3,1,2,2
626,70671,Seminar zum Bankwesen,Saupe,1,10.08.2016,2016,10,2.21,2.15,0,0,0,2,3,2,3,0,0,0,0,0
627,701139,Financial Markets and Social Science,Stomper,1,28.07.2016,2016,27,1.86,1.7,0.037000000000000005,5,6,5,2,4,4,0,0,0,0,1
628,701126,Financial Engineering,Radwanski,1,29.07.2016,2016,77,3.37,3.3,0.3247,3,6,0,9,8,2,10,2,7,5,25
629,701126,Financial Engineering,Radwanski,2,24.10.2016,2016,28,2.31,2,0.07139999999999999,7,5,1,2,2,0,4,0,3,2,2
630,701122,Advanced Corporate Finance,Rettl,1,02.08.2016,2016,40,2.63,2.7,0.1,2,6,4,3,4,6,4,3,2,2,4
631,701122,Advanced Corporate Finance,Rettl,2,19.10.2016,2016,9,2.58,3,0,1,2,0,0,0,1,1,2,2,0,0
632,701123,Private Equity,Elendner,1,22.07.2016,2016,13,1.86,1.7,0,3,3,1,1,2,2,0,0,1,0,0
633,701129,Case Seminar Advanced Corporate Finance,Adam,1,03.08.2016,2016,19,1.74,1.7,0,2,5,6,2,1,3,0,0,0,0,0
634,701124,Master Thesis Seminar Corporate Finance,Adam,1,15.09.2016,2016,8,1.62,1.7,0,0,3,3,2,0,0,0,0,0,0,0
635,701133,Master Thesis Seminar Financial Economics,Stomper,1,25.11.2016,2016,10,1.4,1,0,6,0,0,4,0,0,0,0,0,0,0
636,70734,Personalökonomik,Schöttner,1,08.08.2016,2016,53,3.09,3,0.1698,2,4,3,3,2,8,9,4,6,3,9
637,70734,Personalökonomik,Schöttner,2,10.10.2016,2016,34,3.26,3.3,0.2059,1,2,1,3,4,2,3,3,3,5,7
638,706818,Personnel Economics,Schöttner,1,01.08.2016,2016,15,2.76,2.7,0.0667,1,1,3,0,2,1,2,0,1,3,1
639,706818,Personnel Economics,Schöttner,2,11.10.2016,2016,4,3.67,4,0,0,0,0,0,0,1,0,0,0,3,0
640,706820,Seminar Advanced Topics in Management,Schöttner,1,31.08.2016,2016,14,1.95,2,0,0,5,1,2,4,1,0,1,0,0,0
641,706813,Seminar Grundlagen der gesellschaftlichen Verantwortung von Unternehmen,Schwerk,1,10.11.2016,2016,20,1.82,1.7,0,0,4,7,8,0,0,0,1,0,0,0
642,70695,Marketingtheorie,Hildebrandt,1,30.06.2016,2016,148,3.11,3,0.223,9,9,8,9,18,11,18,16,8,9,33
643,70695,Marketingtheorie,Hildebrandt,2,14.11.2016,2016,21,3.48,3.7,0.23809999999999998,0,0,2,2,1,2,1,2,2,4,5
644,70709,Advanced Marketing Modeling,Klapper,1,04.08.2016,2016,17,1.98,2,0,1,5,1,3,4,1,0,2,0,0,0
645,70701,Marketing Seminar,Klapper,1,21.07.2016,2016,11,1.7,2,0,1,4,0,4,2,0,0,0,0,0,0
646,70708,Seminar zum Marketingmanagement (BA),Guhl,1,16.08.2016,2016,24,1.87,2,0,3,3,3,9,6,0,1,0,0,0,0
647,70759,Konzernrechnungslegung und Unternehmenspublizität,Gassen,1,18.08.2016,2016,36,2.66,2.3,0.1389,3,3,4,2,9,5,1,0,0,4,5
648,70759,Konzernrechnungslegung und Unternehmenspublizität,Gassen,2,17.10.2016,2016,21,2.76,2.7,0.047599999999999996,1,0,4,3,2,2,2,1,0,5,1
649,708004,Grundlagen der Wirtschaftsprüfung,Schruff,1,18.08.2016,2016,62,3.13,3,0.129,1,3,2,6,3,9,9,8,9,4,8
650,708004,Grundlagen der Wirtschaftsprüfung,Schruff,2,20.10.2016,2016,24,3.92,3.7,0.375,0,0,0,1,1,2,0,4,6,1,9
651,708009,Valuation,Brüggemann,1,01.08.2016,2016,90,2.87,2.7,0.15560000000000002,2,10,8,9,11,11,5,9,6,5,14
652,708009,Valuation,Brüggemann,2,25.10.2016,2016,47,2.76,2.7,0.10640000000000001,1,4,8,5,3,5,5,5,2,4,5
653,70798,Accounting Theory and Earnings Management,Gassen,1,22.07.2016,2016,16,2.37,2.15,0.0625,3,1,1,3,2,2,0,1,1,1,1
654,70798,Accounting Theory and Earnings Management,Gassen,2,17.10.2016,2016,6,2.26,2.3,0,0,0,2,0,3,0,0,1,0,0,0
655,708001,Bachelorseminar Rechnungswesen und Wirtschaftsprüfung,Gassen,1,19.07.2016,2016,17,2.34,2.3,0,1,2,1,3,4,2,1,1,1,1,0
656,70800,Master Thesis Seminar Accounting (Accounting Research Seminar),Brüggemann,1,27.07.2016,2016,5,1.52,1.3,0,1,2,1,0,1,0,0,0,0,0,0
657,707502,Network based energy systems,Hubert,1,02.08.2016,2016,22,2.9,3.3,0.1818,5,1,0,1,2,1,0,5,1,2,4
658,707502,Network based energy systems,Hubert,2,25.10.2016,2016,13,2.99,3,0.23079999999999998,2,1,0,1,2,0,1,1,1,1,3
659,707503,Analysis of Competition,Hubert,1,26.07.2016,2016,9,2.88,2.7,0.22219999999999998,2,0,0,1,1,1,0,1,1,0,2
660,707503,Analysis of Competition,Hubert,2,20.10.2016,2016,8,2.25,1.15,0.125,4,1,0,0,0,0,0,0,1,1,1
661,707505,Seminar Energy Systems,Hubert,1,28.07.2016,2016,7,2.08,1.7,0.1429,0,3,1,2,0,0,0,0,0,0,1
662,707504,Seminar Energy Policy,Hubert,1,16.08.2016,2016,8,2.9,2.3,0.25,0,1,0,2,2,0,0,1,0,0,2
663,70829,Labour Economics (BA),Spitz-Oener,1,27.07.2016,2016,64,3.29,3.3,0.2656,2,4,3,7,5,6,4,5,3,8,17
664,70829,Labour Economics (BA),Spitz-Oener,2,03.11.2016,2016,22,3.82,4,0.4545,0,0,2,2,2,1,0,0,2,3,10
665,70881,Monetary Economics,Weinke,1,23.08.2016,2016,23,2.59,2,0.1739,5,3,2,2,0,2,1,1,1,2,4
666,70881,Monetary Economics,Weinke,2,17.10.2016,2016,10,3.3,3.5,0.2,0,1,1,1,0,0,2,0,0,3,2
667,70859,Advanced Labor Economics,Burda,1,16.08.2016,2016,14,2.5,2.15,0.1429,1,2,3,1,2,1,0,1,1,0,2
668,70859,Advanced Labor Economics,Burda,2,08.11.2016,2016,9,2.25,2,0,0,2,2,1,1,0,1,1,1,0,0
669,70874,Information Economics,Qi,1,08.08.2016,2016,27,3.31,3.7,0.2593,1,0,4,3,1,2,2,0,3,4,7
670,70874,Information Economics,Qi,2,14.10.2016,2016,7,3.38,3,0.4286,1,0,1,0,0,0,2,0,0,0,3
671,70972,Advanced Monetary Economics,Weinke,1,01.09.2016,2016,30,2.84,2.85,0.1333,3,1,2,2,6,1,5,2,2,2,4
672,70972,Advanced Monetary Economics,Weinke,2,25.10.2016,2016,5,2.72,2,0.2,0,1,0,2,0,0,0,1,0,0,1
673,70985,Decision-Making under Uncertainty,Weizsäcker,1,01.08.2016,2016,22,2.34,2,0.0909,2,2,5,3,2,3,2,0,1,0,2
674,70985,Decision-Making under Uncertainty,Weizsäcker,2,24.10.2016,2016,8,2.58,2.3,0,1,0,1,1,2,0,0,0,2,1,0
675,709907,Public Economics,Engelmann,1,10.08.2016,2016,33,3.5,3.7,0.39390000000000003,1,1,4,1,3,3,1,2,4,0,13
676,709907,Public Economics,Engelmann,2,26.10.2016,2016,15,3.07,2.7,0.2,0,0,1,3,1,3,2,1,1,0,3
677,701056,Advanced International Trade: Theory and Empirics,Wolf,1,27.07.2016,2016,25,2.63,2.3,0.12,0,1,5,2,6,5,2,0,1,0,3
678,701056,Advanced International Trade: Theory and Empirics,Wolf,2,20.10.2016,2016,5,2.6,2.7,0,0,0,0,1,1,1,2,0,0,0,0
679,70896,European Integration,Burda,1,17.08.2016,2016,54,2.82,2.7,0.12960000000000002,5,3,1,8,6,7,5,5,5,2,7
680,70896,European Integration,Burda,2,25.10.2016,2016,21,2.66,2.7,0,1,0,3,1,4,5,2,0,3,2,0
681,70989,Angewandte Kausalanalyse,Kluve,1,09.09.2016,2016,38,2.92,2.5,0.2368,2,3,8,3,3,1,2,3,3,1,9
682,70989,Angewandte Kausalanalyse,Kluve,2,21.11.2016,2016,9,3.22,3.7,0.11109999999999999,0,1,0,0,2,0,1,0,3,1,1
683,709906,Verhaltensökonomische Aspekte der Finanzwissenschaft,Engelmann,1,08.08.2016,2016,39,2.53,2,0.1282,1,8,7,6,2,3,0,2,2,3,5
684,709906,Verhaltensökonomische Aspekte der Finanzwissenschaft,Engelmann,2,11.11.2016,2016,10,2.9,2.7,0.1,0,1,0,1,2,2,0,1,2,0,1
685,709909,Politische Ökonomie von Steuern und Staatsverschuldung,Blankart,1,15.08.2016,2016,7,2.42,1.7,0.1429,0,2,2,0,1,0,0,0,1,0,1
686,709909,Politische Ökonomie von Steuern und Staatsverschuldung,Blankart,2,04.11.2016,2016,6,2.76,2.65,0.16670000000000001,0,1,1,1,0,0,0,2,0,0,1
687,7010896,Wirtschafts- und sozialgeschichtliche Aspekte der Demographie II,Michel,1,29.08.2016,2016,54,2.39,2.15,0.0556,1,2,7,17,11,6,4,1,0,2,3
688,7010896,Wirtschafts- und sozialgeschichtliche Aspekte der Demographie II,Michel,2,10.11.2016,2016,16,2.53,2.3,0,0,2,0,3,4,2,2,1,0,2,0
689,70899,Theory of Social Choice,Gaertner,1,03.08.2016,2016,8,3.36,3.15,0.375,1,0,0,0,3,0,0,0,0,1,3
690,70842,Game Theory,Weizsäcker,1,30.08.2016,2016,55,3.28,3.3,0.2182,2,3,4,1,4,7,5,5,6,6,12
691,70842,Game Theory,Weizsäcker,2,24.10.2016,2016,20,3.6,3.5,0.3,1,0,0,1,0,3,2,3,3,1,6
692,70837,Theory of Incentives,Vasama,1,16.08.2016,2016,10,2.49,1.8,0.2,4,1,0,0,1,0,0,1,0,1,2
693,70837,Theory of Incentives,Vasama,2,27.10.2016,2016,6,2.73,2.35,0.16670000000000001,1,0,1,1,0,1,0,0,0,1,1
694,70839,Numerical Methods for Quantitative Macroeconomics,Albertini,1,18.08.2016,2016,5,1.32,1,0,3,1,0,0,1,0,0,0,0,0,0
695,70839,Numerical Methods for Quantitative Macroeconomics,Albertini,2,25.10.2016,2016,4,1.25,1.15,0,2,1,1,0,0,0,0,0,0,0,0
696,70831,Economic Growth,Schwark,1,01.08.2016,2016,6,2.35,1.7,0.16670000000000001,2,0,2,0,0,0,0,0,1,0,1
697,701075,European Economic History II (1914 - up to now),Wolf,1,31.08.2016,2016,44,3.3,3.3,0.2955,3,4,2,3,2,2,2,5,5,3,13
698,701075,European Economic History II (1914 - up to now),Wolf,2,17.10.2016,2016,11,2.72,2.3,0.1818,0,2,1,2,1,2,0,0,0,1,2
699,709908,Seminar on New Regimes of Monetary Policy,Fratzscher,1,22.07.2016,2016,8,1.67,1.7,0,0,2,4,2,0,0,0,0,0,0,0
700,70913,Seminar Behavioral Economics,Weizsäcker,1,27.10.2016,2016,18,1.8,1.85,0,2,5,2,3,4,2,0,0,0,0,0
701,7010908,Seminar Applied Growth Theory,Wolf,1,27.10.2016,2016,17,1.78,1.7,0,1,4,6,2,2,2,0,0,0,0,0
702,7010909,Seminar Economics and Nationalism,Wolf,1,04.11.2016,2016,27,2.14,2,0.037000000000000005,0,6,5,3,7,2,3,0,0,0,1
703,707923,Business Intelligence Systems,Fabian,1,05.08.2016,2016,66,2.86,2.7,0.1061,3,3,5,7,9,8,8,4,9,3,7
704,707923,Business Intelligence Systems,Fabian,2,19.10.2016,2016,42,3.13,3,0.1905,0,2,5,2,4,6,5,4,3,3,8
705,707927,Grundlagen der Programmierung,Lessmann,1,21.07.2016,2016,42,2.58,2.15,0.1429,3,5,8,5,3,4,2,3,0,3,6
706,707927,Grundlagen der Programmierung,Lessmann,2,10.10.2016,2016,30,2.22,2.3,0.0333,2,4,4,4,8,3,1,2,1,0,1
707,707925,E-Business and Online Marketing,Lessmann,1,28.07.2016,2016,49,2.6,2.3,0.0408,3,3,8,6,5,5,3,5,5,4,2
708,707925,E-Business and Online Marketing,Lessmann,2,13.10.2016,2016,11,2.7,2.7,0.0909,0,1,0,4,0,2,2,0,0,1,1
709,707926,Seminar Applied Predictive Analytics,Lessmann,1,28.07.2016,2016,25,1.5,1.3,0.04,5,12,7,0,0,0,0,0,0,0,1
710,707924,Seminar Wirtschaftsinformatik,Lessmann,1,12.10.2016,2016,24,2.37,2,0,0,0,7,6,2,2,5,0,0,2,0
711,701009,Datenanalyse I,Klinke,1,16.08.2016,2016,26,2.07,1.7,0.07690000000000001,4,5,5,3,3,1,2,1,0,0,2
712,701003,Multivariate Statistical Analysis II,Hlavka,1,25.07.2016,2016,9,1.91,2,0,2,2,0,1,2,0,2,0,0,0,0
713,701008,Statistics of Financial Markets II,Härdle,1,21.07.2016,2016,4,1,1,0,4,0,0,0,0,0,0,0,0,0,0
714,701024,Non- and Semiparametric Modelling,Müller,1,18.08.2016,2016,14,2.04,1.85,0.07139999999999999,4,2,1,2,2,1,0,0,0,1,1
715,701024,Non- and Semiparametric Modelling,Müller,2,02.11.2016,2016,5,2.26,1.7,0.2,1,1,1,0,1,0,0,0,0,0,1
716,701016,Statistical Programming Languages,Härdle,1,12.10.2016,2016,61,2.12,1.7,0.1475,19,4,10,7,8,3,1,0,0,0,9
718,701034,Time Series Analysis,Droge,1,10.08.2016,2016,6,3.11,3,0,0,0,0,0,1,1,2,0,1,1,0
719,701034,Time Series Analysis,Droge,2,24.10.2016,2016,6,2.43,2.5,0,0,1,0,2,0,0,2,1,0,0,0
720,701035,Paneldatenanalyse,Droge,1,03.08.2016,2016,11,2.82,2.7,0.1818,1,1,2,1,0,2,0,0,0,2,2
721,701035,Paneldatenanalyse,Droge,2,26.10.2016,2016,6,1.88,1.65,0,1,2,0,2,0,0,0,0,1,0,0
722,701042,Advanced Econometrics,Fitzenberger,1,09.08.2016,2016,11,3.51,3.3,0.2727,0,0,1,1,0,1,1,2,1,1,3
723,701042,Advanced Econometrics,Fitzenberger,2,01.11.2016,2016,12,2.78,3,0,1,0,2,0,1,1,2,2,2,1,0
724,701041,Seminar Selected Topics in Econometrics,Breunig,1,20.07.2016,2016,7,1.52,1.7,0,2,1,2,2,0,0,0,0,0,0,0
725,70111,Einführung in die Volkswirtschaftslehre,Spitz-Oener,1,16.03.2016,2015/16,251,3.54,3.3,0.3705,4,7,13,21,15,16,43,14,20,5,93
726,70111,Einführung in die Volkswirtschaftslehre,Spitz-Oener,2,25.04.2016,2015/16,150,3.36,3,0.2867,0,2,9,17,16,20,14,11,10,8,43
727,70112,Mikroökonomie I,Weizsäcker,1,17.03.2016,2015/16,213,3.12,3,0.16899999999999998,6,9,15,16,20,29,20,21,23,18,36
728,70112,Mikroökonomie I,Weizsäcker,2,10.05.2016,2015/16,98,3.29,3.3,0.19390000000000002,4,1,5,7,8,11,11,9,10,13,19
729,70115,Makroökonomie I,"Burda,",1,17.03.2016,2015/16,184,2.82,2.7,0.1413,17,11,18,10,25,16,20,19,12,10,26
730,70115,Makroökonomie I,Burda,2,11.05.2016,2015/16,127,2.9,2.7,0.18899999999999997,17,8,8,11,9,11,12,7,12,8,24
731,70119,Externes Rechnungswesen,Maiterth,1,18.03.2016,2015/16,329,3.84,4,0.4347,4,7,16,11,12,25,23,29,26,33,143
732,70119,Externes Rechnungswesen,Maiterth,2,02.05.2016,2015/16,175,3.88,4,0.4229,5,2,3,4,10,14,5,21,14,23,74
733,70126,Absatztheorie,Klapper,1,03.03.2016,2015/16,280,3.57,3.7,0.3143,3,10,11,16,18,24,24,24,35,27,88
734,70126,Absatztheorie,Klapper,2,21.04.2016,2015/16,149,3.1,3,0.1275,3,5,6,15,9,20,29,17,11,15,19
735,70129,Finanzierung und Investition,Müller,1,01.03.2016,2015/16,128,3.24,3,0.2656,3,6,13,14,7,12,11,12,4,12,34
736,70129,Finanzierung und Investition,Müller,2,26.04.2016,2015/16,57,3.06,3,0.1754,2,6,5,4,4,5,4,4,5,8,10
737,70118,Investmentanalyse und Portfoliomanagement,Stomper,1,03.03.2016,2015/16,220,3.32,3.3,0.2,5,10,13,14,16,19,17,25,22,35,44
738,70118,Investmentanalyse und Portfoliomanagement,Stomper,2,12.05.2016,2015/16,104,3.49,3.7,0.2212,4,2,5,5,3,10,9,9,10,24,23
739,70132,Statistik II,Klinke,1,03.03.2016,2015/16,203,2.85,2.7,0.1182,11,14,13,20,23,29,18,23,13,15,24
740,70132,Statistik II,Klinke,2,27.04.2016,2015/16,117,3.01,3,0.1282,5,7,5,8,13,15,12,15,15,7,15
741,70141,Mathematik I,Graßhoff,1,15.03.2016,2015/16,241,3.43,3.3,0.2822,6,10,11,19,16,19,21,25,22,24,68
742,70141,Mathematik I,Graßhoff,2,11.05.2016,2015/16,123,3.68,3.7,0.2927,0,1,4,5,9,9,12,13,14,20,36
743,70142,Mathematik II,Graßhoff,1,02.03.2016,2015/16,18,3.46,3.5,0.22219999999999998,1,1,0,0,1,2,1,3,2,3,4
744,70143,Wirtschaftsinformatik I,Lessmann,1,25.02.2016,2015/16,103,2.59,2.3,0.0971,6,4,16,10,20,15,9,7,5,1,10
745,70143,Wirtschaftsinformatik I,Lessmann,2,18.05.2016,2015/16,146,2.29,2,0.0479,13,23,16,25,13,20,13,9,4,3,7
746,70151,Bürgerliches Recht,Böhme,1,04.03.2016,2015/16,295,3.06,3,0.122,15,13,16,13,32,39,38,25,30,38,36
747,70151,Bürgerliches Recht,Böhme,2,28.04.2016,2015/16,71,2.1,2,0.0141,11,12,12,10,5,7,1,5,2,5,1
748,70153,Handels- und Gesellschaftsrecht,Bodewig,1,07.03.2016,2015/16,263,2.28,2,0.026600000000000002,21,33,51,37,27,24,26,9,16,12,7
749,70153,Handels- und Gesellschaftsrecht,Bodewig,2,28.04.2016,2015/16,59,1.68,1.7,0,18,9,14,3,7,3,3,2,0,0,0
750,70601,Organization and Management,Schöttner,1,29.02.2016,2015/16,75,3.13,2.7,0.2667,2,4,12,7,4,9,7,0,3,7,20
751,70601,Organization and Management,Schöttner,2,19.04.2016,2015/16,42,3.12,3,0.1905,3,0,5,3,1,7,6,1,3,5,8
752,70603,Internationales Finanzmanagement,Schöne,1,11.02.2016,2015/16,35,2.34,1.7,0.1429,10,5,5,2,0,1,0,3,2,2,5
753,70603,Internationales Finanzmanagement,Schöne,2,02.05.2016,2015/16,9,2.52,2,0.22219999999999998,3,0,1,1,0,1,0,1,0,0,2
754,70605,Grundzüge der Besteuerung,Maiterth,1,24.02.2016,2015/16,30,2.76,2.7,0.0667,3,0,2,4,4,3,2,6,2,2,2
755,70605,Grundzüge der Besteuerung,Maiterth,2,11.04.2016,2015/16,11,4.12,5,0.6364,0,0,2,0,0,0,1,0,0,1,7
756,70614,Corporate Finance,Adam,1,07.03.2016,2015/16,59,4.06,5,0.5424,0,1,1,3,2,4,5,4,3,4,32
757,70614,Corporate Finance,Adam,2,12.05.2016,2015/16,46,3.2,3,0.1957,1,4,2,4,3,4,6,2,5,6,9
758,70617,Financial Accounting and Analysis,Brüggemann,1,08.03.2016,2015/16,96,2.48,2.3,0.09380000000000001,8,11,14,14,10,10,6,6,2,6,9
759,70617,Financial Accounting and Analysis,Brüggemann,2,18.04.2016,2015/16,46,2.51,2.3,0.0435,4,3,7,5,6,6,3,3,4,3,2
760,707922,Business Analytics and Data Science,Lessmann,1,17.03.2016,2015/16,92,2.49,2,0.1304,12,10,19,8,7,4,6,4,6,4,12
761,707922,Business Analytics and Data Science,Lessmann,2,21.04.2016,2015/16,32,3.1,3,0.2188,0,2,4,2,5,1,3,6,0,2,7
762,70618,Grundzüge der Unternehmensbesteuerung,Maiterth,1,02.03.2016,2015/16,54,3.4,3.7,0.3148,4,3,4,1,5,1,4,4,5,6,17
763,70618,Grundzüge der Unternehmensbesteuerung,Maiterth,2,19.04.2016,2015/16,21,3.76,3.7,0.4286,2,0,0,0,2,0,3,1,3,1,9
764,70625,Umwandlung von Unternehmen und Besteuerung,Maiterth,1,17.03.2016,2015/16,11,2.88,2.7,0.1818,0,1,1,2,1,2,1,0,0,1,2
765,706205,"Steuerliche Gewinnermittlung, Umsatzsteuer und Verfahrensrecht",Houben,1,10.03.2016,2015/16,9,3.28,3,0.3333,1,0,0,1,1,0,2,1,0,0,3
766,706205,"Steuerliche Gewinnermittlung, Umsatzsteuer und Verfahrensrecht",Houben,2,10.05.2016,2015/16,11,3.81,3.7,0.3636,0,0,0,1,0,0,3,1,1,1,4
767,70624,Seminar zu aktuellen steuerlichen Themen,Houben,1,24.02.2016,2015/16,12,2,2,0,0,3,2,2,2,3,0,0,0,0,0
768,70641,Economics of Entrepreneurship (BA),Schade,1,07.03.2016,2015/16,82,2.47,2.3,0.048799999999999996,2,8,14,12,10,12,8,4,7,1,4
769,70641,Economics of Entrepreneurship (BA),Schade,2,19.04.2016,2015/16,19,3.07,3,0.10529999999999999,0,0,3,1,2,1,3,3,3,1,2
770,706513,Consulting and Change Management,Lippold,1,08.02.2016,2015/16,70,3.33,3.3,0.2286,2,4,3,3,5,6,7,10,8,6,16
771,706513,Consulting and Change Management,Lippold,2,19.04.2016,2015/16,13,3.4,3.7,0.23079999999999998,1,0,1,0,2,0,1,1,1,3,3
772,70665,Basics of International Finance,Müller,1,09.02.2016,2015/16,73,1.94,1.7,0.0548,18,14,10,4,12,4,5,0,2,0,4
773,70665,Basics of International Finance,Müller,2,02.05.2016,2015/16,50,2.32,1.85,0.12,5,10,10,5,5,2,2,1,3,1,6
774,70662,Banken,Saupe,1,14.03.2016,2015/16,36,2.98,2.85,0.22219999999999998,6,1,2,2,4,3,3,2,1,4,8
775,70662,Banken,Saupe,2,02.05.2016,2015/16,14,2.76,2,0.2143,1,0,3,4,0,0,1,2,0,0,3
776,701122,Advanced Corporate Finance,Rettl,1,16.02.2016,2015/16,21,3.27,3,0.1905,0,1,0,1,2,3,5,2,3,0,4
777,701122,Advanced Corporate Finance,Rettl,2,18.04.2016,2015/16,4,2.25,2,0,1,0,0,2,0,0,0,0,0,1,0
778,701134,Introduction to Financial Economics,Radwanski,1,11.02.2016,2015/16,52,2.71,2.7,0.1346,3,7,4,6,4,7,6,2,4,2,7
779,701134,Introduction to Financial Economics,Radwanski,2,25.04.2016,2015/16,13,2.53,2.3,0,0,1,2,3,1,0,2,2,2,0,0
780,701136,Real Effects of Finance,Stomper,1,17.03.2016,2015/16,11,1.23,1.3,0,5,4,2,0,0,0,0,0,0,0,0
781,70671,Seminar zum Bankwesen,Saupe,1,08.03.2016,2015/16,12,2.36,2.3,0,0,0,0,4,3,5,0,0,0,0,0
782,701124,Master Thesis Seminar Corporate Finance,Adam,1,11.05.2016,2015/16,7,1.72,1.7,0,0,1,4,2,0,0,0,0,0,0,0
783,701133,Hauptseminar Financial Economics,Stomper,1,15.06.2016,2015/16,6,1.6,1.65,0,2,1,0,2,1,0,0,0,0,0,0
784,706819,Incentives in Organizations,Schöttner,1,25.02.2016,2015/16,5,2.04,2.3,0,0,2,0,0,2,0,1,0,0,0,0
785,706819,Incentives in Organizations,Schöttner,2,18.04.2016,2015/16,5,2.06,1.7,0,2,0,1,0,0,0,0,2,0,0,0
786,709110,Seminar Einführung Personalwesen,Dominke,1,08.02.2016,2015/16,24,2.03,2,0,2,1,6,6,4,4,0,1,0,0,0
787,70687,Marktforschung und Marketingentscheidungen,Guhl,1,21.03.2016,2015/16,92,2.79,2.7,0.0978,4,1,5,13,18,14,12,9,2,5,9
788,70687,Marktforschung und Marketingentscheidungen,Guhl,2,02.05.2016,2015/16,46,3.27,3,0.21739999999999998,2,1,2,3,7,3,6,2,3,7,10
789,70710,Customer Analytics and Customer Insights,Klapper,1,17.03.2016,2015/16,49,2.59,2.3,0.16329999999999997,6,4,0,8,12,6,4,0,0,1,8
790,70708,Seminar zum Marketingmanagement (BA),Hildebrandt,1,09.02.2016,2015/16,9,2.11,2,0,0,2,1,2,1,2,1,0,0,0,0
791,70752,Internationale Rechnungslegung,Gassen,1,03.03.2016,2015/16,44,3.06,3,0.1818,1,2,6,3,4,5,4,3,5,3,8
792,70752,Internationale Rechnungslegung,Gassen,2,27.04.2016,2015/16,33,2.9,3,0,0,2,3,3,4,0,6,5,5,5,0
793,708008,Controlling,Gassen,1,01.03.2016,2015/16,46,3.15,3.15,0.1957,2,3,3,2,3,5,5,7,5,2,9
794,708008,Controlling,Gassen,2,21.04.2016,2015/16,39,3.08,3,0.2564,3,3,3,3,2,1,6,6,2,0,10
795,708002,Advanced Topics in Accounting and Auditing,Schruff,1,14.03.2016,2015/16,9,2.44,2,0,1,2,1,1,0,0,1,0,1,2,0
796,70797,Applied Seminar: Advanced Cases in Accounting and Auditing,Gassen,1,02.02.2016,2015/16,10,2.2,2.3,0,0,0,2,2,4,2,0,0,0,0,0
797,708010,Bachelorpraktikum Empirisches Arbeiten,Gassen,1,10.02.2016,2015/16,14,1.77,2,0,0,5,1,6,2,0,0,0,0,0,0
798,708001,Seminar Rechnungswesen und Wirtschaftsprüfung,Gassen,1,10.02.2016,2015/16,15,2.58,2.7,0,0,1,2,2,2,1,5,0,1,1,0
799,70800,Master Thesis Seminar Accounting (Accounting Research Seminar),Brüggemann,1,17.02.2016,2015/16,5,2.14,2.3,0,0,1,1,0,1,2,0,0,0,0,0
800,706813,Seminar Grundlagen der gesellschaftlichen Verantwortung von Unternehmen,Schwerk,1,02.05.2016,2015/16,20,1.82,1.7,0,0,4,7,8,0,0,0,1,0,0,0
801,70803,Introduction to Advanced Microeconomic Analysis,Strausz,1,14.03.2016,2015/16,106,3.3,3.15,0.3208,7,3,11,10,6,9,7,4,5,10,34
802,70803,Introduction to Advanced Microeconomic Analysis,Strausz,2,20.04.2016,2015/16,63,2.74,2.7,0.0794,7,4,6,0,6,11,10,3,7,4,5
803,70941,Introduction to Advanced Macroeconomic Analysis,"Weinke,",1,29.02.2016,2015/16,59,2.94,3,0.1525,3,4,3,8,6,5,8,4,4,5,9
804,70941,Introduction to Advanced Macroeconomic Analysis,"Weinke,",2,20.04.2016,2015/16,28,2.99,2.85,0.17859999999999998,1,3,2,4,2,2,1,3,1,4,5
805,70942,Advanced Macroeconomic Analysis I,"Weinke,",1,21.03.2016,2015/16,5,3.68,4,0.2,0,0,1,0,0,0,0,0,1,2,1
806,70801,Außenhandel,Kamecke,1,14.03.2016,2015/16,34,2.59,2.5,0.0882,2,4,3,5,3,6,2,2,3,1,3
807,70801,Außenhandel,Kamecke,2,26.04.2016,2015/16,26,3.29,3.15,0.2692,1,2,1,3,1,1,4,2,1,3,7
808,70881,Monetary Economics,"Weinke,",1,07.03.2016,2015/16,32,2.47,2.3,0.09380000000000001,6,2,4,1,5,3,3,2,1,2,3
809,70881,Monetary Economics,Weinke,2,25.04.2016,2015/16,8,3.11,3.15,0.125,0,0,0,2,1,0,1,2,0,1,1
810,70904,Introduction to Game Theory,Strausz,1,10.03.2016,2015/16,78,3.03,3.15,0.1282,3,6,7,5,4,6,8,12,10,7,10
811,70904,Introduction to Game Theory,Strausz,2,19.04.2016,2015/16,55,2.94,3,0.1636,5,7,2,4,3,4,3,7,8,3,9
812,709901,Grundlagen der Finanzwissenschaft,Engelmann,1,25.02.2016,2015/16,50,2.84,2.5,0.1,0,4,3,7,11,3,3,5,6,3,5
813,709901,Grundlagen der Finanzwissenschaft,Engelmann,2,13.04.2016,2015/16,41,3.26,3.3,0.2195,2,3,1,3,1,4,5,4,7,2,9
814,70953,Empirical Labour Economics,Spitz-Oener,1,21.03.2016,2015/16,16,3.45,3.7,0.1875,0,1,0,1,2,0,2,1,3,3,3
815,70953,Empirical Labour Economics,Spitz-Oener,2,03.06.2016,2015/16,8,2.5,2.5,0,1,0,1,1,1,1,1,1,0,1,0
816,70977,Theorie und Verhalten in der Altersvorsorge,Geyer,1,09.03.2016,2015/16,6,2.1,1.5,0.16670000000000001,1,2,1,0,1,0,0,0,0,0,1
817,709903,Ökonomik des Föderalstaates,Blankart,1,03.03.2016,2015/16,15,1.81,2,0,0,4,3,5,3,0,0,0,0,0,0
818,709903,Ökonomik des Föderalstaates,Blankart,2,25.04.2016,2015/16,18,2.5,2.5,0,0,1,2,2,4,5,1,2,0,1,0
819,7010893,Wirtschafts- und sozialgeschichtliche Aspekte der Demographie I,Michel,1,09.03.2016,2015/16,59,2.22,2,0,0,5,11,15,11,8,4,4,1,0,0
820,7010893,Wirtschafts- und sozialgeschichtliche Aspekte der Demographie I,Michel,2,02.05.2016,2015/16,27,2.16,2.3,0,1,3,5,4,5,6,2,1,0,0,0
821,70894,Environmental Economics,Schmidt,1,07.03.2016,2015/16,23,2.51,2.3,0.0435,3,4,1,0,4,2,0,4,3,1,1
822,70894,Environmental Economics,Schmidt,2,11.04.2016,2015/16,9,2.51,2.3,0,1,0,0,2,2,1,1,1,0,1,0
823,709905,Social Preferences - Theories and Evidence,Engelmann,1,10.03.2016,2015/16,34,2.33,2,0.0588,1,5,6,7,4,3,3,1,0,2,2
824,701073,European Economic History I (1800-1914),Wolf,1,02.03.2016,2015/16,25,2.64,2.3,0.08,1,2,5,2,3,1,4,2,1,2,2
825,701073,European Economic History I (1800-1914),Wolf,2,18.04.2016,2015/16,12,2.32,2.15,0,2,1,2,1,1,0,1,3,0,1,0
826,709913,Seminar Emerging Markets,Menkhoff,1,27.01.2016,2015/16,16,2.2,2.15,0,1,1,3,3,4,1,0,3,0,0,0
827,70814,Seminar Aktuelle Probleme der Wirtschaftspolitik,Kamecke,1,08.02.2016,2015/16,36,1.91,1.7,0.0278,2,5,13,7,7,0,0,1,0,0,1
828,70997,"Seminar Monetary Policy, Financial Markets and the European Crisis",Fratzscher,1,08.02.2016,2015/16,11,1.49,1.3,0,0,8,1,1,1,0,0,0,0,0,0
829,70987,Seminar Empirical Methods in Applied Microeconomics,Geyer,1,14.03.2016,2015/16,13,1.37,1.3,0,2,7,4,0,0,0,0,0,0,0,0
831,70922,Datengrundlagen der Wirtschaftspolitik,Kamecke,1,04.04.2016,2015/16,25,1.53,1.3,0,6,7,6,4,1,1,0,0,0,0,0
832,7010906,Seminar Housing Markets and Financial Crises,Wolf,1,14.04.2016,2015/16,23,1.72,1.7,0,0,8,8,5,1,0,0,1,0,0,0
833,709911,Seminar Voting Behavior,Engelmann,1,27.04.2016,2015/16,8,1.53,1.3,0,2,3,2,0,0,0,1,0,0,0,0
834,7010907,"Seminar The Growth of German Industry, 1800-2015",Wolf,1,20.06.2016,2015/16,16,2.04,2,0,1,2,3,3,3,3,1,0,0,0,0
835,707917,IT Security and Privacy,Fabian,1,18.03.2016,2015/16,19,1.47,1.3,0,5,10,0,2,0,0,2,0,0,0,0
836,70777,Seminar Information Systems,Lessmann,1,23.03.2016,2015/16,31,1.25,1.3,0,13,13,4,0,1,0,0,0,0,0,0
837,701015,Datenanalyse II,Klinke,1,09.03.2016,2015/16,18,2.18,1.85,0.0556,1,3,5,2,2,1,2,0,1,0,1
838,701015,Datenanalyse II,Klinke,2,18.05.2016,2015/16,19,2.56,2.3,0.10529999999999999,1,1,4,2,4,2,0,1,1,1,2
839,701002,Multivariate Statistical Analysis I,Wang,1,16.03.2016,2015/16,29,3.4,2.7,0.4138,1,0,3,5,3,3,0,0,1,1,12
840,701002,Multivariate Statistical Analysis I,Wang,2,26.05.2016,2015/16,23,3.03,3,0.1304,0,1,1,6,0,3,2,2,3,2,3
841,701007,Statistics of Financial Markets I,Härdle,1,14.01.2016,2015/16,20,1.47,1.3,0,3,9,6,0,2,0,0,0,0,0,0
842,701029,Statistical Tools in Finance and Insurance,Härdle,1,09.02.2016,2015/16,11,1.65,1.7,0,2,3,2,1,3,0,0,0,0,0,0
843,701010,Seminar Economic Risk,Härdle,1,10.02.2016,2015/16,6,1.83,1.85,0,0,1,2,2,1,0,0,0,0,0,0
844,701016,Statistical Programming Languages,Härdle,1,10.03.2016,2015/16,27,1.39,1.3,0,6,13,4,4,0,0,0,0,0,0,0
845,701028,Numerical Introductory Seminar,Härdle,1,20.04.2016,2015/16,19,1.73,1.7,0,2,6,5,4,0,0,0,2,0,0,0
847,701031,Seminar What is statistics? From the historical perspective,Vogt,1,19.05.2016,2015/16,12,1.78,1.7,0,1,3,5,1,0,1,0,1,0,0,0
848,701044,Applied Econometrics,Droge,1,09.03.2016,2015/16,16,3.18,3.3,0.1875,1,0,1,1,1,2,0,6,1,0,3
849,701044,Applied Econometrics,Droge,2,18.04.2016,2015/16,19,3.64,4,0.47369999999999995,1,1,1,0,3,1,0,2,0,1,9
850,701032,Econometric Methods,Droge,1,01.03.2016,2015/16,61,2.93,2.7,0.1967,7,2,7,1,6,11,3,5,4,3,12
851,701032,Econometric Methods,Droge,2,18.04.2016,2015/16,66,2.79,2.5,0.16670000000000001,4,6,7,11,5,1,9,6,5,1,11
852,701036,Microeconometrics,Breunig,1,22.02.2016,2015/16,14,1.87,1.7,0.07139999999999999,3,3,3,1,2,1,0,0,0,0,1
853,701036,Microeconometrics,Breunig,2,18.05.2016,2015/16,16,2.86,2.85,0.1875,1,0,4,1,0,2,3,2,0,0,3
